"user_1","user_2","location_score"
2591,3416,0.04782641882816257
502,2616,0.2
771,3079,0.19911505027771537
1244,2211,0.2
1244,2692,0.0047715195489892726
1244,3747,0.2
750,2616,0.1999999999999999
815,2175,0.2
815,1080,0.2
815,1451,0.11250559707204805
815,2136,0.19330413770920984
815,3523,0.2
815,2878,0.2
815,3205,0.2
815,2457,0.2
815,2692,0.0014216208606105925
815,3709,0.2
815,3695,0.2
815,3739,0.1914048431541365
803,970,0.015726116442686514
803,2616,0.19999999999999987
803,3055,0.027281345100650636
1163,2175,0.1992525439819775
1163,1451,0.17652362571920696
1163,1325,0.18680486189736145
1163,3577,0.03730956769609351
1163,1330,0.1110110877119806
1163,2136,0.08216816194627813
1163,3384,0.005622375598631163
1163,3146,0.023235558353048004
1163,2878,0.11640832342260816
1163,3066,0.06411251657868539
1163,2457,0.18219148719083608
1163,2692,0.00846391800984757
1163,3661,0.14868631128710455
1163,3739,0.16666667
1163,3311,0.031888351395183465
781,970,0.08300667423125346
781,1526,0.0451934101830142
781,2616,0.19999999999999987
781,3055,0.07726960532111794
1027,1080,0.19456396420172106
1027,1526,0.11314060632106078
1027,1232,0.1999999999999999
1027,1325,0.19999999999999996
1027,1330,0.18053003965504522
1027,2211,0.2
1027,3523,0.1830759254069377
1027,3369,0.16377347164214467
1027,3514,0.1244050288955227
1027,3038,0.2000000000000001
1027,2878,0.15394468911657386
1027,3434,0.19999999999999996
1027,2710,0.2
1027,2950,0.016798351682578275
1027,3055,0.15303623790164184
1027,3294,0.18973965922448766
1027,2491,0.2
1027,3014,0.10292245366130111
1027,3341,0.05411631531435849
1027,3661,0.2
970,1244,0.19999999999999996
970,1163,0.11913897884911531
970,1027,0.163485246679784
970,1021,0.11895585815075987
970,2496,0.1870431782501071
970,1245,0.036123754862010936
970,2548,0.044805017899535796
970,1020,0.19029824103081416
970,1084,0.2
970,1219,0.0001164759545527
970,2175,0.2000000000000001
970,2175,0.2000000000000001
970,1065,0.19999999999999996
970,1080,0.19988302538619654
970,1080,0.19988302538619654
970,1257,0.1868191787652107
970,1526,0.11646238937053209
970,1526,0.116462389370532
970,1046,0.19999713033143066
970,1086,0.14776017053061122
970,1224,0.2000000000000001
970,1232,0.1999999999999999
970,1232,0.1999999999999999
970,1448,0.19999999999999998
970,1328,0.19999999999999996
970,1339,0.08596162003904662
970,1465,0.19999999999999998
970,1332,0.19999999999999996
970,1409,0.20000000000000018
970,1450,0.20000000000000007
970,1451,0.2
970,1325,0.19999999999999996
970,1325,0.19999999999999996
970,1138,0.2
970,1334,0.19999999999999996
970,1330,0.1560122940909812
970,1353,0.005251219683909482
970,1435,0.06357371170286323
970,1474,0.1964252161889146
970,1803,0.034267789454939544
970,2211,0.2
970,2211,0.2
970,1473,0.19999999999999996
970,1972,0.19899019367404475
970,2126,0.19999999999999996
970,2087,0.2
970,1479,0.19999999999999996
970,1670,0.18831824658098517
970,1962,0.19999999999999996
970,1800,0.19534950756848712
970,1898,0.2
970,1365,0.19899019367404475
970,2216,0.19999999999999996
970,2136,0.19998631955470172
970,2136,0.19998631955470175
970,3591,0.16666666999999996
970,3591,0.19999999999999996
970,2572,0.19544326155139047
970,2877,0.2
970,2877,0.2
970,3523,0.12403764922130521
970,3523,0.14884517608866277
970,1053,0.1912637504368094
970,3514,0.11322916134035887
970,3038,0.2000000000000001
970,1935,0.19999999999999996
970,3146,0.19536790655024833
970,3146,0.19536790655024838
970,2878,0.2000000000000001
970,2878,0.2000000000000001
970,2969,0.19999999999999996
970,2969,0.19999999999999996
970,2710,0.2
970,2342,0.19999999999999996
970,2373,0.0045288327800490314
970,3653,0.16384615949667786
970,3653,0.19661538746370572
970,3055,0.17917826867957612
970,3055,0.1791782686795761
970,2997,0.014592179260981848
970,3140,0.16911112590595356
970,3294,0.2
970,3296,0.16666667
970,3296,0.2
970,2457,0.20000000000000007
970,2491,0.14217653407033892
970,2455,0.2
970,2493,0.00240186715937232
970,2467,0.2
970,2692,0.156192580348999
970,2692,0.15619258034899886
970,3014,0.14244307235007833
970,3014,0.14244307235007822
970,3341,0.030576222497287114
970,3661,0.2
970,3665,0.04063276574623728
970,3665,0.048759317920298376
970,3676,0.20000000000000015
970,3650,0.19445050033549205
970,3709,0.19999999999999996
970,3695,0.1556826520846619
970,3695,0.18681917876521076
970,3705,0.19999999999999998
970,3705,0.16666666999999996
970,3773,0.02411024483967411
970,3773,0.028932293228963086
970,3747,0.2
970,3311,0.019899042924430718
970,3311,0.023878851031739843
1021,2211,0.19460930347612035
1050,3629,0.1906989894202397
1050,3591,0.01571070778495506
1050,3523,0.17151224906877835
1050,3146,0.0026450960066311717
1050,3773,0.09766629218242194
1050,3311,0.08928416355941785
574,970,0.20000000000000007
284,3523,0.000566562750519
284,3146,0.0000540559192695
714,970,0.2000000000000001
714,2175,0.17445987261223617
714,1080,0.17759712278984435
714,1526,0.2000000000000001
714,1451,0.2
714,2211,0.2
714,2136,0.15266612612835045
714,3523,0.19994911024862044
714,2878,0.2000000000000001
714,3205,0.12717806278560076
714,2710,0.2
714,3055,0.2000000000000001
714,2457,0.13286223469370093
714,2692,0.015566411098275888
714,3709,0.1367125624437706
714,3695,0.2000000000000001
714,3739,0.2
728,970,0.2
728,1526,0.2
304,3835,0.020497283274337
419,771,0.2
419,3749,0.00718379829033437
419,3816,0.2
419,3833,0.020103186257060965
483,970,0.2
852,1232,0.1999999999999999
852,2616,0.18782290472139362
852,2710,0.2
852,3055,0.1309603653172426
2644,3305,0.16459530148667117
2644,3743,0.2000000000000001
2644,3713,0.0000083988873221
813,970,0.19999999999999996
813,2211,0.2
361,970,0.12672857547177319
877,970,0.00560576903176071
374,3629,0.0002815897583232
374,3523,0.000566562750519
374,3514,0.08360405447969897
374,3146,0.0000540559192695
350,538,0.0000540559192695
350,1080,0.0000540559192695
350,1526,0.18315617687389157
350,2136,0.008426653742835083
350,3523,0.000566562750519
350,2878,0.000819132207053
350,2457,0.0000540559192695
350,3709,0.0000540559192695
935,1028,0.016513324328031025
935,3494,0.07995647918816257
935,2996,0.02503058947274644
464,1027,0.163485246679784
464,970,0.20000000000000018
464,522,0.2
464,720,0.19999999999999996
464,2580,0.19999999999999996
464,2211,0.2
464,2877,0.2
464,2877,0.2
464,3294,0.2
523,3523,0.194744129551655
523,3146,0.030162568612597584
427,3514,0.13975982229639833
427,3434,0.0029729388515203794
1054,3835,0.014825552023142242
460,3146,0.19450927251009884
814,1027,0.2
814,970,0.2
814,2175,0.2
814,845,0.2
814,2683,0.031956674759323685
814,2359,0.2
814,2692,0.0014216208606105927
808,3103,0.14208438804971507
808,2874,0.19999999999999998
808,3134,0.023356704670608224
622,3523,0.20000000000000007
906,970,0.19988302538619654
915,1581,0.17058507680034113
915,2684,0.2
458,3591,0.07920116044633119
458,3296,0.11967463224972182
458,3661,0.14713327186363778
2741,3767,0.01338896000148352
618,3523,0.1999999999999999
366,970,0.12672857547177319
504,3294,0.1285179505459935
521,970,0.20000000000000007
521,3523,0.09960852748764522
1020,3523,0.19776897569419036
1020,3294,0.09759700005723192
470,3523,0.1996262466593293
559,970,0.13655100859165437
559,1080,0.019469061424715273
559,1526,0.19769336623681252
559,2616,0.19999999999999987
559,3523,0.046635252545840444
559,3055,0.15619593311074473
559,3709,0.05386669569807809
1644,3350,0.19506886480875318
455,3835,0.19999999999999998
941,3424,0.13855313982926418
1028,2741,0.19971202475691388
1028,2709,0.002815365533608606
1028,3494,0.037407296359246514
1028,3079,0.19999999999999996
1028,2996,0.015956225710972268
1028,3100,0.020097876541057724
1028,3201,0.19999999999999996
1028,3201,0.19999999999999996
1028,3816,0.19999999999999996
1028,3835,0.19892048119430056
1028,3835,0.16576707097725846
2598,3103,0.07876386240097503
1035,3055,0.2
538,803,0.09195016105249304
538,1027,0.08562023223483618
538,970,0.1806167135656945
538,574,0.20000000000000007
538,714,0.03764907636455184
538,728,0.1921150048081873
538,559,0.17086909303144893
538,1084,0.14602874104447344
538,1065,0.14416537780338332
538,1080,0.03366543526884185
538,1283,0.18103156740328435
538,602,0.04421311129956188
538,667,0.02733697770510712
538,1526,0.19999999999999996
538,1046,0.002522960007518645
538,1448,0.0000255257884619
538,1328,0.020529443087348134
538,1465,0.19784550845535007
538,1332,0.03481454249568137
538,1287,0.0542077169347053
538,1330,0.18488152549036993
538,2038,0.2
538,1479,0.020427557455388563
538,1670,0.000327547572414
538,1962,0.0009570140561485
538,1531,0.18669539479800967
538,2216,0.020427557455388563
538,2136,0.10781427552344665
538,3523,0.04571809146709537
538,2780,0.18845743721985936
538,1935,0.19999999999999996
538,3146,0.13186818083318416
538,2878,0.07710993622756201
538,2792,0.1278219700103804
538,929,0.17152758812824198
538,2342,0.03481454249568137
538,2692,0.11008093605245067
538,3695,0.16666666999999993
538,3778,0.16641677067530689
1084,1526,0.2
1084,1330,0.2
1084,3523,0.19989217771867737
1084,2878,0.2
1084,3055,0.2
1084,3014,0.2
1084,3665,0.1850513772025122
1084,3676,0.18085899732593735
837,3747,0.2
522,1027,0.0958035038793472
522,970,0.2
522,1021,0.0817579221321921
522,1450,0.18329161926963045
522,929,0.023554422697306857
512,970,0.14282468778773352
512,538,0.05180643378082516
512,522,0.12833870798396785
512,1080,0.18753964678094856
512,1232,0.1999999999999999
512,1325,0.19999999999999996
512,1330,0.14272007079651367
512,3523,0.18748400832607154
512,2878,0.15037555227510369
512,3055,0.12889252703180898
512,2491,0.18630913946190913
512,3014,0.08342285646810216
512,3665,0.08620132855827488
512,3676,0.10037409047883566
512,3709,0.18441803694370915
512,3705,0.19822048518608468
1223,3514,0.12012400678511004
1030,3523,0.2
1219,3055,0.06920232707140399
2175,2211,0.06924191936825226
2175,2216,0.2000000000000001
2175,3591,0.2000000000000001
2175,3523,0.2000000000000001
2175,3369,0.2000000000000001
2175,3146,0.03598735842039371
2175,3146,0.03598735842039371
2175,2878,0.2000000000000001
2175,2878,0.2000000000000001
2175,2969,0.09454660685146564
2175,2694,0.2000000000000001
2175,2710,0.2
2175,2342,0.2000000000000001
2175,3055,0.2000000000000001
2175,3296,0.2
2175,2457,0.2000000000000001
2175,2457,0.2000000000000001
2175,3496,0.16666667000000007
2175,2692,0.020915149558869525
2175,2692,0.020915149558869525
2175,3014,0.2000000000000001
2175,3014,0.2000000000000001
2175,3661,0.05608184171963462
2175,3676,0.13627254876119863
2175,3709,0.15213514677617937
2175,3695,0.2000000000000001
2175,3695,0.16666667000000007
1065,1080,0.021365241110191596
1065,1526,0.19999999999999996
1065,3523,0.006427240629435792
1065,3055,0.19999999999999996
1065,3709,0.024795444600476745
1115,3514,0.19341074012262505
1115,3434,0.10107371657281494
1115,3294,0.10543221089133158
1115,3341,0.003493356605144795
656,1027,0.20000000000000007
656,929,0.003225733697858027
656,3747,0.0003570916020773
925,970,0.15643016247588326
925,2616,0.16405235826604914
1075,3629,0.2000000000000001
1075,3591,0.2000000000000001
1075,3523,0.2000000000000001
1080,1084,0.19362113980264206
1080,2175,0.2000000000000001
1080,2175,0.2000000000000001
1080,1257,0.19999999999999987
1080,1232,0.1678307751533093
1080,1448,0.05455323775881474
1080,1328,0.19033475559430432
1080,1332,0.1628331659813793
1080,1451,0.1999797567948186
1080,1451,0.1999797567948187
1080,1325,0.1903292412650167
1080,1325,0.19032924126501677
1080,3577,0.0062437158897359615
1080,1334,0.19999999999999996
1080,1330,0.19999999999999987
1080,2211,0.2
1080,1479,0.1903292412650167
1080,1962,0.1999795975255636
1080,2216,0.1903292412650167
1080,2136,0.1105640936689742
1080,2136,0.11056409366897411
1080,3523,0.14460158191307104
1080,3523,0.17352189482524732
1080,1935,0.016817366167338765
1080,2878,0.19183368428294853
1080,2878,0.19183368428294836
1080,3272,0.16666667
1080,2342,0.1628331659813793
1080,3055,0.19954128883357947
1080,2457,0.12699232712356337
1080,2457,0.12699232712356343
1080,2692,0.018947129364216227
1080,2692,0.018947129364216227
1080,3661,0.19841616203437365
1080,3709,0.1468826272564353
1080,3709,0.12240219182840653
1080,3695,0.16666666999999988
1080,3695,0.19999999999999987
1080,3739,0.2
1080,3739,0.16666667
1080,3747,0.2
560,3296,0.04889299096269872
721,2710,0.10579174560804341
481,935,0.07007009364594202
481,2741,0.13095376284541918
481,1028,0.19087421405853672
481,1028,0.19087421405853666
481,2676,0.01612278928331461
481,3462,0.02342063316683146
481,1462,0.20000000000000007
605,970,0.19999999999999987
605,2175,0.056133911106558035
605,1526,0.19999999999999987
605,3739,0.007269486784847886
635,2705,0.2
635,2795,0.2
780,3723,0.08015654762127802
3074,3523,0.15780752039387372
3074,3523,0.1315062696250202
639,3294,0.2
1283,1526,0.1165800483370365
1283,2616,0.1499734156802668
1283,2710,0.2
1283,3055,0.1800291846479709
1277,3523,0.20000000000000007
845,3629,0.11022673721963641
845,3591,0.19939362047902037
845,3523,0.10534300821874974
845,3514,0.19034054310390558
845,3146,0.20000000000000007
845,3107,0.2
845,3341,0.18303046227316325
845,3748,0.19999999999999996
845,3773,0.015372129931865897
865,3294,0.017800833091456095
655,1232,0.07613011335215374
655,2211,0.2
655,2616,0.19987043279662353
655,2710,0.2
655,3055,0.19992904496782046
655,3294,0.024711237254308054
661,1080,0.029472634161067608
661,3523,0.2
661,2878,0.00577219325358952
661,3055,0.19978786117772013
661,3695,0.2
332,538,0.04807537380325699
332,1080,0.05164613347776398
332,1526,0.15638682952304558
332,1232,0.000733160163074
332,1451,0.05149045434817785
332,3523,0.06344191206851016
332,3146,0.06235611336074927
332,2878,0.06283218883613366
332,3205,0.0614444886646101
332,2710,0.11633718827060924
332,3055,0.11955690395323491
332,2457,0.038669684629960996
332,2692,0.04663003593709453
332,3709,0.09289413063801592
601,815,0.08650678820989996
601,714,0.2
601,605,0.0000544961036297
601,602,0.2
601,893,0.2
601,1332,0.2
601,1451,0.2
601,1451,0.2
601,1325,0.2
601,1330,0.2
601,1473,0.2
601,1962,0.2
601,2136,0.2
601,3523,0.2
601,3523,0.16666667
601,2878,0.2
601,2878,0.2
601,690,0.2
601,3661,0.04426047448134979
601,3709,0.2
601,3695,0.2
601,3695,0.16666667
601,3739,0.0881658735511245
601,3739,0.07347156276203497
902,3462,0.10267334538932288
902,3816,0.16666667000000002
602,970,0.20000000000000007
602,1080,0.18657387340405418
602,1526,0.20000000000000007
602,1232,0.03428564858402066
602,1451,0.19702818247207093
602,3523,0.19936791772177448
602,2878,0.20000000000000007
602,3055,0.20000000000000007
602,2457,0.16884090302399624
602,2692,0.02466463194231684
602,3709,0.16184590778131255
505,2175,0.1991406394338676
505,1080,0.14588367533834756
505,1451,0.2
505,1330,0.19911440092583887
505,2136,0.12512331504976867
505,3523,0.1565928759241542
505,2878,0.12695980149450073
505,3205,0.16969493974096606
505,2457,0.05093327864900117
505,2692,0.03994676084266229
505,3709,0.1911997460266401
505,3695,0.20000000000000007
505,3739,0.2
408,970,0.2
408,538,0.11067111796693846
408,1080,0.2
408,1526,0.2
408,2616,0.2
408,3523,0.2
408,2878,0.2
408,3055,0.2
408,3709,0.2
667,970,0.19994912996729422
667,1080,0.009609518399174363
667,2136,0.03049127395610647
667,3523,0.000058428271248
667,2878,0.0996522343048668
667,2457,0.0073017666005912975
667,2692,0.022082494788341445
669,970,0.19932703013489286
453,970,0.2
453,538,0.18985355329530607
453,1526,0.2
453,1330,0.19519119197550944
453,3146,0.16881564571051386
453,2692,0.2
453,3014,0.2
499,3523,0.19999999999999996
499,3747,0.0037174725364856665
768,970,0.1040311206670376
768,2692,0.13753638868506202
498,1080,0.11554425932230437
498,2136,0.2
498,2878,0.17529796478351578
498,2692,0.19672605485784
498,3695,0.2
1286,1581,0.039539710117998915
1286,2684,0.19552834411225903
1286,3723,0.19999999999999993
370,419,0.0001699853475724
370,481,0.0000638263668137
370,3079,0.0000540559192695
477,2616,0.19999999999999987
477,3523,0.16065203562145908
492,3514,0.003917727025831329
1265,2211,0.2
1265,2616,0.1497752458645699
1265,2710,0.2
1499,2874,0.18742041782282115
539,3523,0.01627992739870661
977,1288,0.04983135991885494
977,3723,0.18126004666731932
893,2175,0.2000000000000001
893,1080,0.17692928715125988
893,1451,0.2
893,3577,0.20000000000000007
893,2136,0.10077953287731903
893,3523,0.19770708238840287
893,2878,0.1440042522595145
893,3107,0.2
893,2457,0.17496723975975428
893,2692,0.03621020484157749
893,3709,0.16796889316832564
893,3695,0.1628047762384896
893,3739,0.2
893,3747,0.2
834,2741,0.11165251256283455
834,1412,0.1882402569035671
738,970,0.2
738,1526,0.2
738,1232,0.1635226603943052
738,2616,0.2
738,2710,0.13994869132229038
738,3055,0.2
1257,2616,0.18469422939391503
1257,3523,0.16080241473865053
1257,3146,0.20000000000000007
1257,3107,0.2
1257,3294,0.2
1257,3739,0.2
1257,3747,0.2
1257,3311,0.012371742871017983
359,970,0.12672857547177319
1095,2175,0.08839929624400283
1095,2175,0.08839929624400286
1095,2694,0.2
1095,3496,0.16666667
1095,2692,0.03069637936876283
1095,2692,0.03069637936876283
791,970,0.20000000000000007
791,1526,0.20000000000000007
791,2211,0.023237554196533505
791,3514,0.20000000000000007
791,3038,0.19402324589965278
791,2710,0.1808017219241325
791,3055,0.20000000000000007
847,2175,0.0347963146411104
847,1080,0.12383300318377384
847,2136,0.09332323439995532
847,3523,0.19999999999999984
847,2878,0.19999999999999984
847,3205,0.0626947082180402
847,2457,0.19999999999999984
847,3709,0.028292479884127725
847,3695,0.19999999999999984
847,3739,0.00007666770958
1526,2175,0.2000000000000001
1526,2038,0.2
1526,2211,0.2
1526,1670,0.13244891133951964
1526,1962,0.19999999999999996
1526,2616,0.17630775484347297
1526,1531,0.19767511412577382
1526,2216,0.19999999999999996
1526,2136,0.19999999999999993
1526,3523,0.09375723549734687
1526,3523,0.078131031143743
1526,1935,0.19999999999999996
1526,2878,0.19846248676953968
1526,2878,0.19846248676953981
1526,3272,0.2
1526,3272,0.16666667
1526,2710,0.2
1526,2342,0.19999999999999996
1526,2373,0.011646433677772338
1526,3055,0.14446128310889025
1526,3066,0.1987303044772955
1526,3294,0.2
1526,2692,0.20000000000000018
1526,3661,0.2
1526,3695,0.1283865684843994
1526,3838,0.157580695894163
1526,3311,0.0019235916025813905
864,3523,0.2
1046,1526,0.19951379851782022
1046,1232,0.0007146871594448
1046,1325,0.1326957633489609
1046,2211,0.2
1046,2616,0.2000000000000001
1046,3272,0.2
1046,2710,0.2
1046,3055,0.1999436625905401
1086,2175,0.2000000000000001
1086,2211,0.2
1086,2692,0.20000000000000018
1086,2233,0.0004432338368111
1086,3747,0.2
1086,3311,0.012440981413220689
581,3523,0.19999999999999996
1130,1220,0.20000000000000007
1232,1283,0.1999999999999999
1232,1328,0.11743503496170196
1232,1332,0.1999999999999999
1232,1670,0.1999999999999999
1232,1962,0.01174704145824015
1232,1531,0.1999999999999999
1232,2136,0.09143085548045599
1232,3523,0.1666666699999999
1232,2878,0.1999999999999999
1232,2342,0.1999999999999999
1232,3055,0.1999999999999999
1232,3066,0.1999999999999999
1232,3709,0.0024533394634442844
1232,3695,0.1666666699999999
1448,1526,0.19999999999999998
1448,3523,0.02856730114970656
1448,3055,0.19999999999999998
1456,2211,0.11228171295623134
1456,2616,0.2000000000000001
1456,2710,0.026765283500609856
1456,3055,0.19138159312026648
1328,1526,0.19999999999999996
1328,1451,0.2
1328,2211,0.2
1328,3523,0.19999999999999996
1328,2878,0.19999999999999996
1328,3205,0.19974576571908442
1328,2710,0.2
1328,3055,0.19999999999999996
1328,2457,0.1839306447986351
1328,2692,0.01540125775300416
1328,3661,0.19248196508791637
1412,1525,0.11517857655672872
1412,3079,0.19999999999999996
1412,3816,0.16666666999999996
1339,2211,0.12941514507587268
1465,2878,0.14317649364083818
1465,2692,0.16824199221140151
1332,1526,0.19999999999999996
1332,1451,0.2
1332,3523,0.1635912099443416
1332,2878,0.19999999999999996
1332,3272,0.2
1332,3205,0.20000000000000007
1332,3055,0.19999999999999996
1332,2457,0.14218100357554705
1332,2692,0.014115259755106958
1332,3709,0.1678832954964078
1409,3523,0.14025602107262045
1409,3294,0.10707804622087812
1450,2211,0.2
1451,2175,0.09237958379078172
1451,2175,0.09237958379078175
1451,1473,0.10003045007233509
1451,1479,0.2
1451,1962,0.1363905495163324
1451,2216,0.2
1451,2136,0.19520362579576667
1451,2136,0.19520362579576658
1451,3523,0.16666667
1451,3523,0.2
1451,2878,0.2
1451,2878,0.2
1451,2342,0.2
1451,3066,0.2
1451,2457,0.18577815698534997
1451,2457,0.18577815698535002
1451,2692,0.026906413193917702
1451,2692,0.026906413193917702
1451,3661,0.16733818924132357
1451,3709,0.1937660437359389
1451,3709,0.16147170634271643
1451,3695,0.2
1451,3739,0.10582109619400358
1451,3739,0.08818424859202122
1451,3838,0.16666667
1325,2175,0.2000000000000001
1325,2175,0.2000000000000001
1325,1526,0.19999999999999996
1325,1332,0.19999999999999996
1325,1451,0.2
1325,1330,0.19999999999999996
1325,2211,0.2
1325,2211,0.2
1325,2616,0.19999999999999996
1325,2136,0.1519370451653679
1325,2136,0.151937045165368
1325,3523,0.19999999999999996
1325,3523,0.16666666999999996
1325,2780,0.19999999999999996
1325,3146,0.03308024123909013
1325,3146,0.03308024123909014
1325,2878,0.19999999999999996
1325,2878,0.19999999999999996
1325,3272,0.16666667
1325,3205,0.19974576571908442
1325,2710,0.2
1325,2342,0.19999999999999996
1325,3055,0.19999999999999996
1325,3066,0.19999999999999996
1325,2457,0.1840304684866349
1325,2692,0.015298859178430777
1325,2692,0.015298859178430772
1325,3661,0.19248196508791637
1325,3709,0.10777131631921162
1325,3709,0.08980943206219823
1325,3695,0.19999999999999996
1325,3695,0.16666666999999996
1325,3739,0.2
1325,3747,0.1316410693000993
1325,3747,0.10970089327743388
1364,3079,0.1361089141805308
1364,3749,0.19999999999999996
3577,3695,0.16666667000000002
305,538,0.0000540559192695
305,1526,0.18315617687389157
305,2616,0.2000000000000001
305,3055,0.10562179024532573
406,970,0.19999303523825065
406,1526,0.19970718072470406
406,1232,0.19793634080948372
406,2211,0.2
406,2616,0.19900653606565852
406,3055,0.19987081662969156
406,3709,0.16667376763110134
354,3523,0.000566562750519
354,3146,0.0000540559192695
1287,2878,0.08413832207914013
1287,3695,0.19999999999999996
1590,3514,0.17155625626597432
1590,3434,0.0009966640456376
1138,2175,0.2
1138,2136,0.19330413770920984
1138,3523,0.2
1138,2878,0.2
1138,3205,0.2
1138,2710,0.1914048431541365
1138,2692,0.0014216208606105925
1138,3709,0.2
1138,3695,0.2
1138,3739,0.1914048431541365
1334,1526,0.19999999999999996
1334,2211,0.2
1334,3523,0.19999999999999996
1334,2878,0.19999999999999996
1334,3205,0.19999999999999996
1334,3055,0.19999999999999996
1334,3709,0.1599228158336674
1366,3416,0.19948423389447
1330,2175,0.2000000000000001
1330,1526,0.09378165012778283
1330,1526,0.09378165012778278
1330,1332,0.19999999999999996
1330,1451,0.2
1330,3577,0.16666667000000002
1330,1803,0.027245456244440913
1330,1479,0.19999999999999996
1330,2216,0.19999999999999996
1330,2136,0.19920806812581457
1330,3523,0.13448029708237136
1330,3523,0.1613763532713185
1330,3146,0.18528454904291364
1330,3146,0.18528454904291364
1330,2878,0.2000000000000001
1330,2694,0.07764160327381492
1330,3205,0.20000000000000007
1330,2342,0.19999999999999996
1330,3653,0.1526694217407656
1330,3066,0.09311834215109145
1330,2457,0.20000000000000007
1330,2692,0.14650509247943036
1330,2233,0.0004133549349789
1330,3695,0.17578005184039835
1330,3739,0.16666667
1330,3311,0.007089644072482915
1384,1526,0.2
1384,2616,0.2
1384,3055,0.2
1430,3827,0.1415744178456817
2200,3294,0.2
1474,2616,0.1936149012426991
1474,3523,0.15564686904517228
1474,3146,0.08497491703034536
1474,3294,0.1756348385614194
2564,3424,0.17330846503585087
2564,3720,0.1999999999999999
1790,3079,0.09638797931213405
1855,3753,0.19752740874143057
1961,3523,0.17509568931790184
1961,3146,0.0010947577896583854
1695,2616,0.19999999999999996
1695,3055,0.19999999999999996
1367,2710,0.004340221866471517
1572,3146,0.026533879402633905
2038,3514,0.2
2038,2950,0.2
2038,3055,0.2
2182,3729,0.12852459950947356
838,3523,0.2
838,3739,0.1914048431541365
2211,2496,0.2
2211,2572,0.1938083017647736
2211,3514,0.2
2211,3514,0.16666667
2211,2342,0.2
2211,3055,0.2
2211,3055,0.2
2211,3066,0.2
2211,3014,0.2
2211,3665,0.08513946248866028
2211,3676,0.19568785881288553
2211,3695,0.16666667
2211,3838,0.16666667
705,2710,0.005857166170228852
961,3523,0.19966363341976592
2204,2684,0.01823861499788334
1797,2710,0.15367574935016937
1985,2604,0.18699095562944784
1985,2182,0.017251664769291793
1985,3066,0.1999366012005388
1985,3724,0.09933165464993268
1985,3724,0.08277638053047148
1985,3743,0.034851191991934725
1985,3713,0.1958398622806972
1985,3713,0.163199888497912
1473,2175,0.19999999999999996
1473,1526,0.19999999999999996
1473,2136,0.1960792339332028
1473,3523,0.19999999999999996
1473,2878,0.19999999999999996
1473,2692,0.018320117219671337
1473,3709,0.18389223399236898
1473,3695,0.19999999999999996
1473,3739,0.19993649136127192
1972,2616,0.1499734156802668
1972,3523,0.14878968270796478
1972,3294,0.2
616,656,0.162266508642448
616,2710,0.2
1479,2175,0.2000000000000001
1479,1526,0.19999999999999996
1479,2136,0.151937045165368
1479,3523,0.19999999999999996
1479,2878,0.19999999999999996
1479,3272,0.2
1479,2457,0.1840304684866349
1479,2692,0.015298859178430777
1479,3709,0.10777131631921162
1479,3695,0.19999999999999996
1479,3739,0.2
1670,2616,0.10958418507332501
1670,2710,0.1293748592671804
1670,3055,0.1770852938794795
868,970,0.2000000000000001
868,1080,0.178307262490163
868,1526,0.2000000000000001
868,1325,0.07246776193536118
868,2616,0.2000000000000001
1962,3523,0.19999999999999996
1962,2878,0.19999999999999996
1962,3055,0.19999999999999996
1962,2457,0.19980898420187984
1962,2692,0.020552791058819075
1962,3709,0.1313710532574575
1581,2684,0.053658945831240645
1581,3657,0.0027000863407631356
1581,3657,0.003240103544113695
1581,2148,0.19999999999999996
2205,3117,0.18946803900402814
2205,3777,0.15812677151356308
2205,3749,0.03337631146083681
2205,3816,0.2
2205,3833,0.2
1651,3747,0.2
2021,2233,0.2
1529,1570,0.020843037571089226
1529,3723,0.08077358253292578
2683,3629,0.04382513440660923
2683,3591,0.021462600797849014
2683,3523,0.09283605979801328
2683,3514,0.0017265722401668977
2683,3146,0.00283717712266025
2683,2969,0.002311419227060189
2683,3296,0.031976905075951495
2683,3341,0.003447899470988081
2683,3661,0.09343177941694196
1570,3018,0.0006456403040378
1911,2233,0.19999999999999996
2616,2727,0.18418160147436935
2616,2786,0.20000000000000015
2616,3203,0.2000000000000001
2616,2710,0.2
2616,3695,0.15391186090649966
2616,3838,0.16139302876057998
1882,3079,0.0000551181955436
1650,2233,0.07988740244873
2054,2233,0.2
1482,3523,0.1635912099443416
1483,3100,0.008002287020652345
1483,3100,0.008002287020652343
1483,3201,0.1974793288458312
1483,3201,0.19747932884583128
1365,2211,0.2
1365,2692,0.15681455191162
1365,3747,0.2
1531,3272,0.2
1531,2710,0.2
1531,3055,0.1717910931263432
2216,3523,0.19999999999999996
2216,2878,0.19999999999999996
2216,3272,0.2
2216,2457,0.1840304684866349
2216,2692,0.015298859178430777
2216,3709,0.10777131631921162
2216,3695,0.19999999999999996
2216,3739,0.2
2045,2233,0.005087808346714427
1918,2710,0.1999602558764514
1906,3514,0.2
1906,3341,0.2
1906,3729,0.17810400009709293
1954,3724,0.19999999999999993
1954,3713,0.041283784298805776
1955,2233,0.20000000000000007
2136,2175,0.18561006318276327
2136,2175,0.18561006318276327
2136,2211,0.2
2136,2616,0.19923408990476651
2136,2216,0.151937045165368
2136,3523,0.09233296012895287
2136,3384,0.2
2136,3146,0.10015413912986598
2136,3146,0.10015413912986598
2136,2878,0.15324997962931283
2136,2878,0.1532499796293128
2136,3272,0.2
2136,2694,0.19998070732082732
2136,3205,0.16147142213473642
2136,2710,0.19028977680301282
2136,2342,0.1099551167704586
2136,3055,0.19999999999999993
2136,3066,0.19999999999999993
2136,2457,0.09124531658683861
2136,2457,0.0912453165868386
2136,2692,0.06194027050227618
2136,2692,0.061940270502276164
2136,3661,0.1978942605873529
2136,3709,0.18550946612616445
2136,3695,0.19999999999999993
2136,3695,0.1666666699999999
2136,3739,0.19028977680301282
2136,3739,0.15857481717400695
2136,3747,0.1924236567271962
2727,3523,0.16055949601426442
2727,3146,0.20000000000000007
2727,3739,0.2
2727,3747,0.2
3523,3577,0.16666667000000002
3523,3661,0.16666667
3523,3709,0.12639656902532176
3523,3739,0.16666667
3523,3827,0.001797488241488102
2753,3743,0.18001619457525808
2780,3055,0.16430984364176443
446,970,0.2000000000000001
446,538,0.03185784818182351
446,1526,0.2000000000000001
446,1232,0.19999273703872433
446,2211,0.2
446,2616,0.2000000000000001
446,2710,0.2
446,3055,0.2000000000000001
3369,3747,0.16666667
3514,3747,0.16666667
2676,2741,0.0008351103861304
2723,3424,0.18766238508404734
2723,3720,0.1999999999999999
2684,3657,0.10669788485984162
3384,3695,0.16666667
1935,3055,0.19999999999999996
1935,3709,0.05383500443054906
2971,3416,0.2
3146,3523,0.0318294478368928
3146,3523,0.026524540394568127
3146,3384,0.0718442720049805
3146,3205,0.03569733594346871
3146,3653,0.19999999999999996
3146,3653,0.16666666999999996
3146,3661,0.067955543234275
3146,3661,0.056629620494488206
3146,3709,0.06927151285535213
3146,3709,0.057726261867318676
3146,3695,0.20000000000000007
3146,3695,0.16666667000000002
3146,3706,0.06955732900050453
3146,3706,0.0579644419930426
3146,3739,0.002212294329831346
3146,3739,0.0026547531427025535
3146,3743,0.11495877306542182
3146,3713,0.1271229051235872
3305,3706,0.09016071191261292
3305,3743,0.14703392527456866
3305,3713,0.052212262481045775
3342,3523,0.16666667
3494,3835,0.16666667
3424,3657,0.1193825933665559
2878,3523,0.14238106305283646
2878,3146,0.06601757750048097
2878,3146,0.06601757750048098
2878,3205,0.20000000000000007
2878,3055,0.1999921443188866
2878,3066,0.19822572889180473
2878,3661,0.2
2878,3709,0.19979685203821285
2878,3695,0.2000000000000001
2878,3739,0.2
2878,3739,0.16666667
2878,3747,0.2
2878,3311,0.0025239623480958666
2703,3296,0.2
3462,3777,0.1203149046872719
3462,3749,0.019159892930285027
3462,3816,0.16666667000000002
3462,3835,0.16666667000000002
3462,3835,0.16666667000000002
3462,3833,0.16666667000000002
3462,3833,0.16666667000000002
2969,3747,0.16088697939832
3272,3523,0.16666667
3079,3494,0.2
3079,3462,0.16666667000000002
3079,3835,0.1434307592759857
2694,2878,0.12487629812802706
3205,3523,0.16666667000000002
3205,3342,0.16666667
3205,3661,0.12336515168551741
2960,3743,0.19978107525081706
2710,3272,0.023446820947904384
2710,3055,0.2
2710,3066,0.2
2710,3695,0.16666667
2916,3064,0.19999999999999996
2916,3787,0.0031951537835986487
3158,3494,0.10829234845453849
3158,3835,0.043112021836498066
2930,3350,0.20000000000000018
1642,3780,0.2
668,3523,0.2
2360,3743,0.19999999999999996
2378,3500,0.09544894541545154
2824,3747,0.2
2824,3311,0.02373642789478855
929,970,0.19999999999999984
929,1526,0.19999999999999984
929,2211,0.0031535335472664635
929,3514,0.19999999999999984
929,3038,0.006425504813216562
929,3055,0.19999999999999984
929,3705,0.08066919989149379
2342,3384,0.003454537089076249
2342,2878,0.19999999999999996
2342,3272,0.2
2342,3205,0.20000000000000007
2342,2710,0.2
2342,3055,0.19999999999999996
2342,3294,0.0002765268637573
2342,2457,0.14218100357554705
2342,2692,0.014115259755106958
2342,3739,0.2
2367,3588,0.19876749722590292
2373,3523,0.04696642765356233
2373,3055,0.002096104927118033
2373,3695,0.02291526596340386
2359,3629,0.19999999999999996
2359,3591,0.19999999999999996
2359,3523,0.19999999999999996
2359,3341,0.0029983619987921295
2359,3661,0.19248196508791637
3653,3695,0.16666666999999996
2394,3523,0.19999999999999998
3039,3702,0.2
2996,3494,0.10832274559157708
2996,3494,0.12998729211014667
2996,3462,0.10764888211216483
2996,3835,0.19989418045993512
3055,3523,0.1161319777378585
3055,3272,0.16666667
3055,3066,0.14408334127924805
3055,3709,0.16666666999999993
3055,3695,0.16131614905230418
3055,3838,0.1629474693563008
3055,3311,0.011780602692559474
3100,3201,0.1987466855593354
3100,3201,0.19874668555933528
3100,3117,0.19994273648044258
3100,3777,0.16253488474280414
3100,3749,0.09132657236467037
3100,3816,0.1971402076342953
3100,3833,0.101209802246616
3134,3350,0.024523821015084782
3066,3146,0.20000000000000007
3066,3205,0.20000000000000007
3066,3661,0.2
3066,3739,0.2
3066,3747,0.2
3107,3523,0.16666667
3107,3695,0.16666667
3294,3369,0.16666667
3294,3514,0.13210306244724013
3294,3514,0.1321030624472401
3294,3695,0.16666667
3201,3462,0.20000000000000007
3201,3777,0.2
3201,3749,0.19999999999999996
3201,3816,0.19274423307730565
3201,3833,0.19999999999999993
3230,3702,0.16175342226819286
3343,3780,0.16666666999999993
2457,3523,0.1438678736693231
2457,3523,0.17264144495035877
2457,2878,0.16359207712994228
2457,2878,0.16359207712994236
2457,3066,0.1933939041499277
2457,2692,0.01408540470397679
2457,2692,0.014085404703976788
2457,3661,0.16101772400614758
2457,3709,0.11905003116080407
2457,3709,0.09920836128483719
2457,3695,0.20000000000000007
2457,3739,0.2
2457,3739,0.16666667
2457,3747,0.2
2457,3311,0.0001839926974249
2484,2623,0.15904275605867044
784,3747,0.2
913,1526,0.1231368558184029
913,2616,0.1551413616365372
913,2710,0.2
913,3055,0.165767147887375
2426,3158,0.11496928066542048
2426,3835,0.004549023064227114
2426,3835,0.003790852629339646
1453,3523,0.20000000000000007
1462,3494,0.2
1462,3079,0.2000000000000001
1462,2996,0.19999999999999998
1462,2426,0.06583481098891895
2408,3523,0.13952912166677722
2408,3146,0.12181724926495184
2408,3739,0.2
2408,3747,0.2
2408,3311,0.011518658169926746
2527,3659,0.1973838838766997
2533,3523,0.04937285768258596
2533,3146,0.09454083228447052
2549,3599,0.18486425395398143
281,970,0.12672857547177319
281,538,0.0000540559192695
281,1526,0.18315617687389157
281,3514,0.08360405447969897
281,3055,0.10562179024532573
3496,3747,0.16666667
1964,3747,0.2
2543,3103,0.15583991665798155
2543,2874,0.19999999999999998
2543,3134,0.01833692861773826
1580,3629,0.15532397475493323
1580,3591,0.004226780751506039
1580,3523,0.031665587423638696
1580,3146,0.17039666108764323
2692,3591,0.015410353796107334
2692,3523,0.023723677894123038
2692,3523,0.028468412903579383
2692,3146,0.17141021999418973
2692,3146,0.17141021999418984
2692,2878,0.0319166649935556
2692,2878,0.0319166649935556
2692,2969,0.002395268305619111
2692,2969,0.002395268305619111
2692,2694,0.19998243248493408
2692,3653,0.16666666999999996
2692,3653,0.19999999999999996
2692,3055,0.18735677520212182
2692,3066,0.20000000000000018
2692,3296,0.003234494380396878
2692,3296,0.003881393178848391
2692,3496,0.06242246098828532
2692,3661,0.022824312408799494
2692,3665,0.02711586347404525
2692,3665,0.03253903551807358
2692,3676,0.07337798426759284
2692,3650,0.045859476914727956
2692,3709,0.04170993709135238
2692,3695,0.16666667000000013
2692,3705,0.176236915178649
1552,3777,0.027109838606936883
1552,3749,0.19999999999999996
1552,3816,0.2000000000000001
1552,3833,0.07027378066091541
3014,3670,0.19999999999999996
3014,3311,0.05863591838911515
3014,3311,0.07036310065967609
690,2175,0.2000000000000001
690,1080,0.14542446569879067
690,1451,0.2
690,2136,0.11627335888394091
690,3523,0.19015402646265933
690,2878,0.2000000000000001
690,3205,0.20000000000000007
690,2457,0.16377239461139123
690,2692,0.01517189967266437
690,3709,0.15462030003029936
690,3695,0.2000000000000001
690,3739,0.2
3117,3201,0.2
3117,3201,0.2
3117,3777,0.038463697300303155
3117,3777,0.046156435837235076
3117,3816,0.2
3117,3833,0.2
319,3523,0.000566562750519
319,3146,0.0000540559192695
1592,3201,0.19999999999999998
1592,3201,0.19999999999999998
1592,3816,0.1659544711986045
1785,3523,0.13970665292594345
2233,2683,0.02148771701432236
2233,3523,0.0003600621288577
2233,2874,0.008531989834811281
2233,2364,0.19999999999999996
2233,2678,0.19999999999999984
2233,3654,0.00853198983481128
2233,3654,0.007109991671209231
2233,3688,0.19999999999999996
2233,3665,0.00790464845372701
2233,3665,0.009485577954760847
2233,3702,0.2
2233,3194,0.20000000000000007
3657,3736,0.16666667
3670,3695,0.16666666999999996
113,2616,0.2000000000000001
113,3055,0.10562179024532573
3709,3739,0.16666667
3695,3709,0.16666666999999993
3695,3739,0.16666667
3695,3747,0.16666667
1647,3146,0.010148091214773884
3777,3816,0.16666667
3706,3743,0.04359729454114913
3706,3713,0.003633676110935721
3816,3833,0.1666666699999999
3713,3743,0.011964850861945268
3311,3523,0.07548768252219978
3311,3496,0.00998293563214442
3311,3341,0.0067564883470583315
3311,3665,0.0009737136630943
3311,3695,0.010309785932044032
3311,3695,0.010309785932044027
3311,3773,0.16583088869924129
972,3629,0.2000000000000001
972,3523,0.19496721088480942
972,3773,0.11023349862649937
972,3311,0.09916664405228412
519,970,0.1984130290880546
519,1526,0.2
519,3523,0.2
519,2878,0.013941664497719275
519,3055,0.2
573,3739,0.2
573,3747,0.2
