"profile_1_id","profile_2_id","created_at","expires_at","location_score"
3079,3462,2025-03-05 15:26:59.247 +0000,2025-03-12 15:26:59.252 +0000,0.16666667000000002
3079,3462,2025-03-05 15:26:59.247 +0000,2025-03-12 15:26:59.252 +0000,0.16666667000000002
3079,1028,2025-03-05 15:27:54.893 +0000,2025-03-12 15:27:54.899 +0000,0.19999999999999996
3079,1028,2025-03-05 15:27:54.893 +0000,2025-03-12 15:27:54.899 +0000,0.19999999999999996
3564,1474,2025-02-26 21:59:13.761 +0000,2025-03-05 21:59:13.766 +0000,0.15918479325958282
3085,2136,2025-02-27 13:15:45.420 +0000,2025-03-06 13:15:45.426 +0000,0.2
3594,2394,2025-02-27 14:34:00.790 +0000,2025-03-06 14:34:00.795 +0000,0.19999999999999998
3071,1483,2025-03-02 06:55:14.751 +0000,2025-03-09 06:55:14.756 +0000,0.03731145391938794
3734,3713,2025-03-02 14:33:35.222 +0000,2025-03-09 14:33:35.226 +0000,0.06613465720999491
3764,3523,2025-03-03 10:38:32.563 +0000,2025-03-10 10:38:32.570 +0000,0.16666666999999977
3764,3523,2025-03-03 10:38:32.563 +0000,2025-03-10 10:38:32.570 +0000,0.16666666999999977
3739,3642,2025-03-03 11:57:59.548 +0000,2025-03-10 11:57:59.552 +0000,0.14898520686218167
3739,3642,2025-03-03 11:57:59.548 +0000,2025-03-10 11:57:59.552 +0000,0.1489852068621817
3055,1232,2025-03-03 13:27:12.824 +0000,2025-03-10 13:27:12.830 +0000,0.1999999999999999
3055,1232,2025-03-03 13:27:12.824 +0000,2025-03-10 13:27:12.830 +0000,0.1999999999999999
3773,3311,2025-03-03 14:45:04.398 +0000,2025-03-10 14:45:04.403 +0000,0.16583088869924129
3773,3311,2025-03-03 14:45:04.398 +0000,2025-03-10 14:45:04.403 +0000,0.16583088869924129
3773,2714,2025-03-03 14:47:06.583 +0000,2025-03-10 14:47:06.589 +0000,0.023959236683510528
3773,2714,2025-03-03 14:47:06.583 +0000,2025-03-10 14:47:06.589 +0000,0.028751083445190985
3734,3743,2025-03-03 16:48:17.789 +0000,2025-03-10 16:48:17.797 +0000,0.16666667
3777,927,2025-03-03 17:27:35.978 +0000,2025-03-10 17:27:35.983 +0000,0.12576576121547617
2728,1065,2025-03-04 11:27:07.895 +0000,2025-03-11 11:27:07.900 +0000,0.105766703677013
481,2347,2025-03-05 13:01:45.755 +0000,2025-03-12 13:01:45.760 +0000,0.01066540488204101
2020,3833,2025-03-05 15:28:02.843 +0000,2025-03-12 15:28:02.848 +0000,0.17905780054184603
1330,3205,2025-03-04 08:15:50.675 +0000,2025-03-11 08:15:50.680 +0000,0.20000000000000007
1330,3205,2025-03-04 08:15:50.675 +0000,2025-03-11 08:15:50.680 +0000,0.20000000000000007
3594,1233,2025-02-27 14:33:23.674 +0000,2025-03-06 14:33:23.678 +0000,0.19105029927624032
260,667,2025-02-26 15:57:29.699 +0000,2025-03-05 15:57:29.706 +0000,0.15748527481493527
3536,2200,2025-02-24 00:14:59.244 +0000,2025-03-05 23:26:53.132 +0000,0.19999999999999993
3704,970,2025-03-01 06:02:23.983 +0000,2025-03-08 06:02:23.989 +0000,0.19990173341213735
3682,1325,2025-03-01 09:35:59.945 +0000,2025-03-08 09:35:59.950 +0000,0.19999999999999996
3071,3462,2025-03-02 06:54:58.902 +0000,2025-03-09 06:54:58.906 +0000,0.16666667000000002
3735,1462,2025-03-02 14:41:53.375 +0000,2025-03-09 14:41:53.379 +0000,0.2000000000000001
3767,2347,2025-03-03 11:52:06.814 +0000,2025-03-10 11:52:06.819 +0000,0.2000000000000001
3777,3228,2025-03-03 18:16:54.220 +0000,2025-03-10 18:16:54.227 +0000,0.2
481,3473,2025-03-05 13:01:38.207 +0000,2025-03-12 13:01:38.214 +0000,0.11068994025833755
3591,3621,2025-02-26 12:27:52.980 +0000,2025-03-05 12:27:52.987 +0000,0.14506966528066081
1220,3465,2025-03-04 08:58:31.030 +0000,2025-03-11 08:58:31.035 +0000,0.16666667000000002
3085,2878,2025-02-27 13:15:54.010 +0000,2025-03-06 13:15:54.016 +0000,0.2
3682,3523,2025-02-28 13:37:30.756 +0000,2025-03-07 13:37:30.763 +0000,0.13632580887703444
3201,3679,2025-03-01 00:54:24.409 +0000,2025-03-08 00:54:24.413 +0000,0.16666667
3071,3201,2025-03-02 06:54:55.887 +0000,2025-03-09 06:54:55.893 +0000,0.20000000000000007
3656,3705,2025-03-02 07:41:25.426 +0000,2025-03-09 07:41:25.432 +0000,0.16666666999999996
3735,2996,2025-03-02 16:46:31.725 +0000,2025-03-09 16:46:31.730 +0000,0.1995929598586258
2728,728,2025-03-04 11:27:12.510 +0000,2025-03-11 11:27:12.514 +0000,0.19978628246978863
3743,3706,2025-03-02 18:31:25.549 +0000,2025-03-09 19:57:19.699 +0000,0.04359729454114913
3743,3706,2025-03-02 18:31:25.549 +0000,2025-03-09 19:57:19.699 +0000,0.04359729454114913
3764,1526,2025-03-03 10:38:57.414 +0000,2025-03-10 10:38:57.420 +0000,0.13118858914628678
3764,1526,2025-03-03 10:38:57.414 +0000,2025-03-10 10:38:57.420 +0000,0.15742630382701808
3055,883,2025-03-03 13:27:26.860 +0000,2025-03-10 13:27:26.864 +0000,0.1442784236773916
3416,2591,2025-03-03 02:06:32.825 +0000,2025-03-12 13:15:59.016 +0000,0.04782641882816257
3416,2591,2025-03-03 02:06:32.825 +0000,2025-03-12 13:15:59.016 +0000,0.04782641882816257
1526,2956,2025-03-05 13:43:10.348 +0000,2025-03-12 13:43:10.353 +0000,0.20000000000000007
1526,2956,2025-03-05 13:43:10.348 +0000,2025-03-12 13:43:10.353 +0000,0.20000000000000007
3079,3835,2025-03-05 15:26:35.981 +0000,2025-03-12 15:26:35.987 +0000,0.1434307592759857
3079,3835,2025-03-05 15:26:35.981 +0000,2025-03-12 15:26:35.987 +0000,0.1434307592759857
2020,3777,2025-03-05 15:33:03.510 +0000,2025-03-12 15:33:03.514 +0000,0.17245167371691694
899,928,2025-02-26 13:01:49.731 +0000,2025-03-05 13:01:49.736 +0000,0.07126413403449504
2154,3327,2025-02-26 16:35:30.757 +0000,2025-03-05 16:35:30.763 +0000,0.16666667000000007
1080,3094,2025-02-25 00:28:58.605 +0000,2025-03-07 20:45:34.874 +0000,0.19999999999999987
3673,1288,2025-03-02 13:31:29.195 +0000,2025-03-09 13:31:29.199 +0000,0.06052010644436119
3735,3462,2025-03-02 14:42:39.722 +0000,2025-03-09 14:42:39.727 +0000,0.1664008554707318
3736,3673,2025-03-02 14:57:45.350 +0000,2025-03-09 14:57:45.355 +0000,0.04857884758218062
1330,3220,2025-03-04 08:09:54.675 +0000,2025-03-11 08:09:54.681 +0000,0.19999999999999996
1330,3764,2025-03-04 08:13:11.096 +0000,2025-03-11 08:13:11.102 +0000,0.16666666999999977
3743,241,2025-03-02 18:30:44.873 +0000,2025-03-09 18:30:44.878 +0000,0.18963852507244705
3739,3682,2025-03-03 11:58:01.645 +0000,2025-03-10 11:58:01.650 +0000,0.16666667
3739,3682,2025-03-03 11:58:01.645 +0000,2025-03-10 11:58:01.650 +0000,0.16666667
3588,3754,2025-03-03 13:01:05.403 +0000,2025-03-10 13:01:05.410 +0000,0.0034570276876650847
3773,970,2025-03-03 14:46:45.993 +0000,2025-03-10 14:46:45.998 +0000,0.02411024483967411
3773,970,2025-03-03 14:46:45.993 +0000,2025-03-10 14:46:45.998 +0000,0.02411024483967411
3773,970,2025-03-03 14:46:45.993 +0000,2025-03-10 14:46:45.998 +0000,0.028932293228963086
3773,970,2025-03-03 14:46:45.993 +0000,2025-03-10 14:46:45.998 +0000,0.028932293228963086
3777,3100,2025-03-03 17:26:44.565 +0000,2025-03-10 17:26:44.569 +0000,0.16253488474280414
3777,3100,2025-03-03 17:26:44.565 +0000,2025-03-10 17:26:44.569 +0000,0.16253488474280414
3777,2892,2025-03-03 18:18:39.912 +0000,2025-03-10 18:18:39.917 +0000,0.18453678523585038
1330,538,2025-03-04 08:16:05.238 +0000,2025-03-11 09:43:11.481 +0000,0.18488152549036993
1330,538,2025-03-04 08:16:05.238 +0000,2025-03-11 09:43:11.481 +0000,0.18488152549036993
3826,3523,2025-03-04 12:16:53.471 +0000,2025-03-11 12:16:53.477 +0000,0.01832234301628857
3838,1451,2025-03-05 13:03:49.442 +0000,2025-03-12 13:03:49.447 +0000,0.16666667
3838,1451,2025-03-05 13:03:49.442 +0000,2025-03-12 13:03:49.447 +0000,0.16666667
1526,2728,2025-03-03 15:14:31.418 +0000,2025-03-12 13:40:54.562 +0000,0.19999999999999996
3079,2020,2025-03-05 15:26:40.514 +0000,2025-03-12 15:26:40.518 +0000,0.2
3079,3580,2025-03-05 15:27:34.551 +0000,2025-03-12 15:27:34.555 +0000,0.17666157114027786
3201,2890,2025-03-05 13:41:39.398 +0000,2025-03-12 15:33:27.169 +0000,0.19995287219049615
3201,2890,2025-03-05 13:41:39.398 +0000,2025-03-12 15:33:27.169 +0000,0.19995287219049615
3514,2941,2025-02-26 13:06:32.428 +0000,2025-03-05 13:06:32.433 +0000,0.20000000000000007
2154,468,2025-02-26 16:34:49.948 +0000,2025-03-05 16:34:49.953 +0000,0.035919103994708296
538,1935,2025-02-27 13:05:02.098 +0000,2025-03-06 13:05:02.102 +0000,0.19999999999999996
538,1935,2025-02-27 13:05:02.098 +0000,2025-03-06 13:05:02.102 +0000,0.19999999999999996
260,1531,2025-02-27 14:31:50.170 +0000,2025-03-06 14:31:50.175 +0000,0.1291525693665745
3699,419,2025-03-02 00:52:52.584 +0000,2025-03-09 00:52:52.589 +0000,0.2
3594,542,2025-02-27 14:35:48.075 +0000,2025-03-06 14:35:48.080 +0000,0.12254392409577707
3201,1055,2025-03-01 00:54:50.851 +0000,2025-03-08 00:54:50.857 +0000,0.19999999999999996
3071,419,2025-03-02 06:55:27.400 +0000,2025-03-09 06:55:27.406 +0000,0.0000001450322304
2251,3657,2025-03-02 13:01:16.614 +0000,2025-03-09 13:01:16.620 +0000,0.16666667000000002
3564,3055,2025-03-02 13:01:52.998 +0000,2025-03-09 13:01:53.002 +0000,0.18808366329265944
3172,3462,2025-03-03 09:39:08.732 +0000,2025-03-10 09:39:08.736 +0000,0.16666667000000002
1330,713,2025-03-04 08:10:00.923 +0000,2025-03-11 08:10:00.927 +0000,0.19999999999999996
3055,1325,2025-03-03 13:26:37.206 +0000,2025-03-10 13:26:37.210 +0000,0.19999999999999996
3055,1325,2025-03-03 13:26:37.206 +0000,2025-03-10 13:26:37.210 +0000,0.19999999999999996
3773,2749,2025-03-03 14:46:33.940 +0000,2025-03-10 14:46:33.945 +0000,0.0010917597154770653
3773,2749,2025-03-03 14:46:33.940 +0000,2025-03-10 14:46:33.945 +0000,0.0013101116323702457
481,1028,2025-03-05 13:01:37.151 +0000,2025-03-12 13:01:37.155 +0000,0.19087421405853672
481,1028,2025-03-05 13:01:37.151 +0000,2025-03-12 13:01:37.155 +0000,0.19087421405853672
481,1028,2025-03-05 13:01:37.151 +0000,2025-03-12 13:01:37.155 +0000,0.19087421405853666
481,1028,2025-03-05 13:01:37.151 +0000,2025-03-12 13:01:37.155 +0000,0.19087421405853666
2020,3462,2025-03-05 15:34:49.246 +0000,2025-03-12 15:34:49.251 +0000,0.061066960845999455
2020,3462,2025-03-05 15:34:49.246 +0000,2025-03-12 15:34:49.251 +0000,0.050889135056115545
2581,2543,2025-02-26 13:01:15.028 +0000,2025-03-05 13:01:26.971 +0000,0.19999999999999998
3594,2359,2025-02-27 14:35:16.989 +0000,2025-03-06 14:35:16.994 +0000,0.19999999999999996
3685,2878,2025-02-28 12:46:40.646 +0000,2025-03-07 12:46:40.652 +0000,0.19916492292599866
1330,3602,2025-03-01 10:28:23.674 +0000,2025-03-08 10:28:23.680 +0000,0.16666666999999996
2984,2211,2025-03-02 04:53:38.850 +0000,2025-03-09 04:53:38.856 +0000,0.2
3747,2714,2025-03-02 20:47:18.887 +0000,2025-03-09 20:47:18.892 +0000,0.2
522,970,2025-03-03 13:41:16.362 +0000,2025-03-10 13:41:16.366 +0000,0.2
522,970,2025-03-03 13:41:16.362 +0000,2025-03-10 13:41:16.366 +0000,0.2
3773,3460,2025-03-03 14:47:26.768 +0000,2025-03-10 14:47:26.773 +0000,0.003789198614181264
3773,3460,2025-03-03 14:47:26.768 +0000,2025-03-10 14:47:26.773 +0000,0.003789198614181265
1526,2171,2025-03-03 15:14:31.419 +0000,2025-03-10 15:14:31.425 +0000,0.11364564358530616
3774,2741,2025-03-03 15:28:14.915 +0000,2025-03-10 15:28:14.920 +0000,0.13728046336533048
3777,2890,2025-03-03 18:16:56.666 +0000,2025-03-10 18:16:56.671 +0000,0.18866652767760952
538,2349,2025-03-04 09:44:12.031 +0000,2025-03-11 09:44:12.038 +0000,0.18103156740328435
3826,3695,2025-03-04 12:16:35.538 +0000,2025-03-11 12:16:35.543 +0000,0.14679016957811755
3826,3709,2025-03-04 12:18:34.499 +0000,2025-03-11 12:18:34.505 +0000,0.018086422135004138
3826,3709,2025-03-04 12:18:34.499 +0000,2025-03-11 12:18:34.505 +0000,0.018086422135004138
3826,3205,2025-03-04 12:22:01.658 +0000,2025-03-11 12:22:01.663 +0000,0.0008725974995731
3838,1034,2025-03-05 13:04:06.660 +0000,2025-03-12 13:04:06.665 +0000,0.011755391394228314
3079,1412,2025-03-05 15:28:02.348 +0000,2025-03-12 15:28:02.355 +0000,0.19999999999999996
3079,1412,2025-03-05 15:28:02.348 +0000,2025-03-12 15:28:02.355 +0000,0.19999999999999996
1330,2749,2025-03-04 08:10:20.708 +0000,2025-03-11 08:10:20.713 +0000,0.19999999999999996
580,1330,2025-02-26 13:03:56.915 +0000,2025-03-05 13:03:56.921 +0000,0.002823128342789945
3685,2136,2025-02-28 12:46:43.376 +0000,2025-03-07 12:46:43.381 +0000,0.1787792898322006
3704,2692,2025-03-01 06:03:15.316 +0000,2025-03-08 06:03:15.321 +0000,0.19999999999999996
3762,3294,2025-03-03 04:32:43.310 +0000,2025-03-10 04:32:43.315 +0000,0.16666667
3763,3311,2025-03-03 06:08:24.479 +0000,2025-03-10 06:08:24.486 +0000,0.005442866811082931
3743,2521,2025-03-02 18:31:27.568 +0000,2025-03-09 20:56:26.383 +0000,0.1364198870590882
3826,3653,2025-03-04 12:18:31.611 +0000,2025-03-11 12:18:31.616 +0000,0.16666666999999996
3826,3653,2025-03-04 12:18:31.611 +0000,2025-03-11 12:18:31.616 +0000,0.16666666999999996
3777,876,2025-03-03 17:27:51.445 +0000,2025-03-10 18:16:10.376 +0000,0.16517743918096972
3777,3172,2025-03-03 18:16:58.505 +0000,2025-03-10 18:16:58.509 +0000,0.2
3594,1020,2025-02-27 14:30:25.952 +0000,2025-03-06 14:30:25.957 +0000,0.1243496306348133
2984,2038,2025-03-02 04:53:33.591 +0000,2025-03-09 04:53:33.597 +0000,0.2
3656,3369,2025-03-02 07:41:27.804 +0000,2025-03-09 07:41:27.809 +0000,0.1666660735379458
1330,2692,2025-03-04 08:10:28.474 +0000,2025-03-11 08:10:28.478 +0000,0.14650509247943036
1330,2692,2025-03-04 08:10:28.474 +0000,2025-03-11 08:10:28.478 +0000,0.14650509247943036
3702,3230,2025-03-01 01:06:08.393 +0000,2025-03-08 01:06:08.398 +0000,0.16175342226819286
3702,3230,2025-03-01 01:06:08.393 +0000,2025-03-08 01:06:08.398 +0000,0.16175342226819286
1330,1083,2025-03-01 10:28:21.723 +0000,2025-03-08 10:28:21.728 +0000,0.19999999999999996
3693,2878,2025-03-03 10:26:45.857 +0000,2025-03-10 10:26:45.862 +0000,0.031573535585221316
2426,2617,2025-03-03 13:00:19.910 +0000,2025-03-10 13:00:19.916 +0000,0.14462223773981558
2426,2617,2025-03-03 13:00:19.910 +0000,2025-03-10 13:00:19.916 +0000,0.14462223773981564
3055,2185,2025-03-03 13:26:52.079 +0000,2025-03-10 13:26:52.083 +0000,0.2
3777,2020,2025-03-03 18:17:14.073 +0000,2025-03-10 18:17:14.078 +0000,0.17245167371691694
3824,3134,2025-03-04 11:35:53.453 +0000,2025-03-11 11:35:53.458 +0000,0.16666666999999985
481,2769,2025-03-05 13:01:44.245 +0000,2025-03-12 13:01:44.250 +0000,0.1190782004485433
3838,2936,2025-03-05 13:04:16.778 +0000,2025-03-12 13:04:16.783 +0000,0.16666667000000007
1526,2876,2025-03-05 13:43:08.568 +0000,2025-03-12 13:43:08.573 +0000,0.19999999999999993
1526,2876,2025-03-05 13:43:08.568 +0000,2025-03-12 13:43:08.573 +0000,0.19999999999999993
3656,970,2025-02-27 13:05:47.914 +0000,2025-03-06 13:05:47.920 +0000,0.1999992842455493
3656,1526,2025-02-27 13:08:41.310 +0000,2025-03-06 13:08:41.316 +0000,0.1878887495865476
899,885,2025-02-26 13:01:50.892 +0000,2025-03-05 13:01:50.898 +0000,0.13234726718564657
3514,970,2025-02-26 13:06:36.448 +0000,2025-03-05 13:06:36.454 +0000,0.11322916134035887
3514,970,2025-02-26 13:06:36.448 +0000,2025-03-05 13:06:36.454 +0000,0.11322916134035887
3621,1580,2025-02-26 20:23:51.052 +0000,2025-03-05 20:23:51.058 +0000,0.07836363928225758
3594,3523,2025-02-27 14:33:17.240 +0000,2025-03-06 14:33:17.246 +0000,0.1352902558971339
3702,2233,2025-03-01 01:06:25.706 +0000,2025-03-08 01:06:25.713 +0000,0.2
3702,2233,2025-03-01 01:06:25.706 +0000,2025-03-08 01:06:25.713 +0000,0.2
3656,1328,2025-03-01 12:24:11.634 +0000,2025-03-08 12:24:11.640 +0000,0.1977949427572151
3735,3494,2025-03-02 16:46:39.551 +0000,2025-03-09 16:46:39.555 +0000,0.15889796591585711
3677,1581,2025-03-03 13:00:29.675 +0000,2025-03-10 13:00:29.682 +0000,0.003332251265284747
3642,2175,2025-03-04 11:10:18.119 +0000,2025-03-11 11:10:18.124 +0000,0.13368094047129328
3642,2692,2025-03-04 11:12:16.877 +0000,2025-03-11 11:12:16.881 +0000,0.08761622855072466
3838,3642,2025-03-05 13:04:01.271 +0000,2025-03-12 13:04:01.276 +0000,0.12913931382625243
2867,2211,2025-03-03 04:44:37.353 +0000,2025-03-11 07:00:31.987 +0000,0.2
1330,3204,2025-03-04 08:10:32.036 +0000,2025-03-11 08:10:32.041 +0000,0.20000000000000007
260,1283,2025-02-27 14:31:22.603 +0000,2025-03-06 14:31:22.608 +0000,0.19987714706176307
1330,3311,2025-03-04 08:10:42.812 +0000,2025-03-11 08:10:42.818 +0000,0.007089644072482915
1330,3311,2025-03-04 08:10:42.812 +0000,2025-03-11 08:10:42.818 +0000,0.007089644072482915
1330,970,2025-03-04 08:12:53.270 +0000,2025-03-11 08:12:53.275 +0000,0.1560122940909812
1330,970,2025-03-04 08:12:53.270 +0000,2025-03-11 08:12:53.275 +0000,0.1560122940909812
1330,2936,2025-03-04 08:15:59.642 +0000,2025-03-11 08:15:59.647 +0000,0.2000000000000001
1330,2936,2025-03-04 08:15:59.642 +0000,2025-03-11 08:15:59.647 +0000,0.2000000000000001
2984,1906,2025-03-02 04:53:36.578 +0000,2025-03-09 04:53:36.583 +0000,0.197825713112803
3762,2211,2025-03-03 04:26:04.756 +0000,2025-03-10 04:26:04.760 +0000,0.2
3629,2683,2025-03-03 13:02:48.461 +0000,2025-03-10 13:02:48.465 +0000,0.04382513440660923
3629,2683,2025-03-03 13:02:48.461 +0000,2025-03-10 13:02:48.465 +0000,0.04382513440660923
3838,3716,2025-03-05 13:03:43.526 +0000,2025-03-12 13:03:43.530 +0000,0.14217163225604382
3343,3780,2025-03-05 13:18:01.612 +0000,2025-03-12 13:18:01.618 +0000,0.16666666999999993
3343,3780,2025-03-05 13:18:01.612 +0000,2025-03-12 13:18:01.618 +0000,0.16666666999999993
2020,3816,2025-03-05 15:27:28.670 +0000,2025-03-12 15:27:28.676 +0000,0.2
3079,876,2025-03-05 15:28:07.073 +0000,2025-03-12 15:28:07.078 +0000,0.19870570257783218
3591,2315,2025-02-26 12:27:58.781 +0000,2025-03-05 12:27:58.785 +0000,0.2000000000000001
3594,3055,2025-02-27 14:35:23.034 +0000,2025-03-06 14:35:23.038 +0000,0.19999999999999998
3071,3100,2025-03-02 06:55:16.448 +0000,2025-03-09 06:55:16.454 +0000,0.09841217029790149
1526,519,2025-03-03 15:13:56.412 +0000,2025-03-10 15:13:56.416 +0000,0.2
1526,519,2025-03-03 15:13:56.412 +0000,2025-03-10 15:13:56.416 +0000,0.2
465,2527,2025-03-03 19:36:35.906 +0000,2025-03-10 19:36:35.910 +0000,0.16471072304682555
1330,3772,2025-03-04 08:12:43.368 +0000,2025-03-11 08:12:43.373 +0000,0.1666666699999999
3655,3698,2025-03-04 11:57:04.725 +0000,2025-03-11 11:57:04.732 +0000,0.10565611893452354
481,2617,2025-03-05 13:00:54.470 +0000,2025-03-12 13:00:54.475 +0000,0.20000000000000007
481,1272,2025-03-05 13:01:39.642 +0000,2025-03-12 13:01:39.649 +0000,0.20000000000000007
481,1272,2025-03-05 13:01:39.642 +0000,2025-03-12 13:01:39.649 +0000,0.20000000000000007
3079,3494,2025-03-05 15:27:45.868 +0000,2025-03-12 15:27:45.873 +0000,0.2
3079,3494,2025-03-05 15:27:45.868 +0000,2025-03-12 15:27:45.873 +0000,0.2
3594,1232,2025-02-27 14:30:09.401 +0000,2025-03-06 14:30:09.406 +0000,0.1999999999999999
3594,2408,2025-02-27 14:34:26.569 +0000,2025-03-06 14:34:26.573 +0000,0.19999999999999998
3661,601,2025-03-02 17:33:55.008 +0000,2025-03-09 17:33:55.013 +0000,0.04426047448134979
3661,601,2025-03-02 17:33:55.008 +0000,2025-03-09 17:33:55.013 +0000,0.04426047448134979
1330,3621,2025-03-04 08:10:36.836 +0000,2025-03-11 08:10:36.842 +0000,0.15414620007068047
1330,2233,2025-03-04 08:12:51.538 +0000,2025-03-11 08:12:51.544 +0000,0.0004133549349789
1330,2233,2025-03-04 08:12:51.538 +0000,2025-03-11 08:12:51.544 +0000,0.0004133549349789
3743,3703,2025-03-02 18:31:12.849 +0000,2025-03-09 18:31:12.854 +0000,0.10181009516520324
3661,3683,2025-03-02 20:19:35.188 +0000,2025-03-09 20:19:35.193 +0000,0.16666667
3661,3683,2025-03-02 20:19:35.188 +0000,2025-03-09 20:19:35.193 +0000,0.16666667
3739,3602,2025-03-03 11:58:00.262 +0000,2025-03-10 11:58:00.267 +0000,0.16666667
3739,3602,2025-03-03 11:58:00.262 +0000,2025-03-10 11:58:00.267 +0000,0.16666667
3055,3711,2025-03-03 13:27:02.580 +0000,2025-03-10 13:27:02.584 +0000,0.16666667
1526,3711,2025-03-03 15:13:53.522 +0000,2025-03-10 15:13:53.528 +0000,0.16666667
3777,3201,2025-03-03 17:26:33.272 +0000,2025-03-10 17:26:33.276 +0000,0.2
3777,3201,2025-03-03 17:26:33.272 +0000,2025-03-10 17:26:33.276 +0000,0.2
1108,970,2025-03-05 13:01:34.485 +0000,2025-03-12 13:01:34.490 +0000,0.1538957054441851
1108,970,2025-03-05 13:01:34.485 +0000,2025-03-12 13:01:34.490 +0000,0.15389570544418515
3079,2588,2025-03-05 15:28:04.717 +0000,2025-03-12 15:28:04.722 +0000,0.19862795491236251
538,3007,2025-02-27 13:04:54.157 +0000,2025-03-06 13:04:54.163 +0000,0.1996819189266324
1330,3695,2025-03-04 08:16:01.373 +0000,2025-03-11 08:16:01.379 +0000,0.17578005184039835
1330,3695,2025-03-04 08:16:01.373 +0000,2025-03-11 08:16:01.379 +0000,0.17578005184039835
3594,1482,2025-02-27 14:34:02.806 +0000,2025-03-06 14:34:02.811 +0000,0.16423672233075143
3594,1961,2025-02-27 14:34:24.544 +0000,2025-03-06 14:34:24.549 +0000,0.008082680505265368
3656,3591,2025-03-01 12:20:17.125 +0000,2025-03-08 12:20:17.129 +0000,0.16492647098560967
3656,1080,2025-03-01 12:20:44.386 +0000,2025-03-08 12:20:44.391 +0000,0.17763918214347157
3743,3563,2025-03-02 18:31:14.962 +0000,2025-03-09 18:31:14.969 +0000,0.1651221859945286
3661,3716,2025-03-02 20:19:27.148 +0000,2025-03-09 20:19:27.154 +0000,0.16666667
3661,3716,2025-03-02 20:19:27.148 +0000,2025-03-09 20:19:27.154 +0000,0.16666667
3739,3628,2025-03-02 15:29:08.153 +0000,2025-03-09 22:21:22.032 +0000,0.16666667
538,2876,2025-03-04 09:44:23.937 +0000,2025-03-11 09:44:23.941 +0000,0.05251908041680933
3767,2741,2025-03-03 11:56:16.195 +0000,2025-03-10 11:56:16.201 +0000,0.01338896000148352
3767,2741,2025-03-03 11:56:16.195 +0000,2025-03-10 11:56:16.201 +0000,0.01338896000148352
3739,3683,2025-03-03 11:57:54.646 +0000,2025-03-10 11:57:54.651 +0000,0.16666667
3055,606,2025-03-03 13:27:41.339 +0000,2025-03-10 13:27:41.343 +0000,0.19954128883357947
3294,3514,2025-03-03 13:41:28.234 +0000,2025-03-10 13:41:28.241 +0000,0.13210306244724013
3294,3514,2025-03-03 13:41:28.234 +0000,2025-03-10 13:41:28.241 +0000,0.13210306244724013
3294,3514,2025-03-03 13:41:28.234 +0000,2025-03-10 13:41:28.241 +0000,0.1321030624472401
3294,3514,2025-03-03 13:41:28.234 +0000,2025-03-10 13:41:28.241 +0000,0.1321030624472401
465,2741,2025-03-03 19:37:40.528 +0000,2025-03-10 20:17:20.001 +0000,0.148691674864228
465,2741,2025-03-03 19:37:40.528 +0000,2025-03-10 20:17:20.001 +0000,0.14869167486422796
3838,3682,2025-03-05 13:03:47.338 +0000,2025-03-12 13:03:47.343 +0000,0.15205740193685482
1526,2710,2025-03-05 13:43:13.176 +0000,2025-03-12 13:43:13.180 +0000,0.2
1526,2710,2025-03-05 13:43:13.176 +0000,2025-03-12 13:43:13.180 +0000,0.2
538,3561,2025-02-27 13:04:54.937 +0000,2025-03-06 13:04:54.943 +0000,0.09983075277282392
2020,3835,2025-03-05 15:36:26.627 +0000,2025-03-12 15:39:18.461 +0000,0.19989538566876805
2020,3835,2025-03-05 15:36:26.627 +0000,2025-03-12 15:39:18.461 +0000,0.1665794913888965
260,1328,2025-02-26 15:57:33.166 +0000,2025-03-05 15:57:33.172 +0000,0.19999999999999996
3564,3272,2025-02-26 21:59:16.800 +0000,2025-03-05 21:59:16.805 +0000,0.16666667
3564,2211,2025-03-02 13:02:10.628 +0000,2025-03-09 13:02:10.634 +0000,0.2
1570,2037,2025-03-02 13:17:16.823 +0000,2025-03-09 13:17:16.828 +0000,0.0363711354070528
3594,1080,2025-02-27 14:35:01.191 +0000,2025-03-06 14:35:01.197 +0000,0.1570107107633281
3661,3564,2025-03-02 20:19:36.810 +0000,2025-03-09 20:19:36.815 +0000,0.16666667
3773,3656,2025-03-03 14:47:21.670 +0000,2025-03-10 14:47:21.675 +0000,0.0022650031518640736
3775,3599,2025-03-03 15:51:59.663 +0000,2025-03-10 15:51:59.667 +0000,0.05989207546580283
3775,3599,2025-03-03 15:51:59.663 +0000,2025-03-10 15:51:59.667 +0000,0.05989207546580283
3777,468,2025-03-03 17:26:45.757 +0000,2025-03-10 17:26:45.762 +0000,0.2
481,277,2025-03-05 13:01:32.311 +0000,2025-03-12 13:01:32.316 +0000,0.20000000000000007
481,277,2025-03-05 13:01:32.311 +0000,2025-03-12 13:01:32.316 +0000,0.20000000000000007
481,3774,2025-03-05 13:01:43.365 +0000,2025-03-12 13:01:43.370 +0000,0.18318529488147517
3838,310,2025-03-05 13:04:02.305 +0000,2025-03-12 13:04:02.311 +0000,0.0000450466002922
1526,3272,2025-03-05 13:43:19.116 +0000,2025-03-12 13:43:19.121 +0000,0.2
1526,3272,2025-03-05 13:43:19.116 +0000,2025-03-12 13:43:19.121 +0000,0.2
1526,3272,2025-03-05 13:43:19.116 +0000,2025-03-12 13:43:19.121 +0000,0.16666667
1526,3272,2025-03-05 13:43:19.116 +0000,2025-03-12 13:43:19.121 +0000,0.16666667
3821,538,2025-03-04 09:38:38.006 +0000,2025-03-11 09:38:38.012 +0000,0.1505139309816906
3594,668,2025-02-27 14:28:08.759 +0000,2025-03-06 14:28:08.764 +0000,0.2
3729,2521,2025-03-02 10:12:57.747 +0000,2025-03-09 10:12:57.752 +0000,0.19054457439409198
3735,1412,2025-03-02 17:55:14.757 +0000,2025-03-11 16:25:08.616 +0000,0.1666646563492489
3708,3749,2025-03-03 10:23:21.716 +0000,2025-03-11 17:07:35.040 +0000,0.13657710089176328
3055,3272,2025-03-03 13:26:32.787 +0000,2025-03-10 13:26:32.792 +0000,0.16666667
3055,3272,2025-03-03 13:26:32.787 +0000,2025-03-10 13:26:32.792 +0000,0.16666667
2692,3695,2025-03-02 13:13:49.595 +0000,2025-03-10 17:08:00.851 +0000,0.16666667000000013
2692,3695,2025-03-02 13:13:49.595 +0000,2025-03-10 17:08:00.851 +0000,0.16666667000000013
3743,1985,2025-03-03 17:26:05.383 +0000,2025-03-10 17:26:05.388 +0000,0.034851191991934725
3743,1985,2025-03-03 17:26:05.383 +0000,2025-03-10 17:26:05.388 +0000,0.034851191991934725
3779,3726,2025-03-03 18:58:42.254 +0000,2025-03-10 23:44:13.963 +0000,0.1666666699999999
481,1574,2025-03-05 13:00:50.594 +0000,2025-03-12 13:00:50.599 +0000,0.12519607905835273
481,3209,2025-03-05 13:01:35.275 +0000,2025-03-12 13:01:35.281 +0000,0.04335640771715186
3838,3055,2025-03-05 13:04:14.594 +0000,2025-03-12 13:04:14.600 +0000,0.1629474693563008
3838,3055,2025-03-05 13:04:14.594 +0000,2025-03-12 13:04:14.600 +0000,0.1629474693563008
3416,2971,2025-03-05 13:16:02.833 +0000,2025-03-12 13:16:02.838 +0000,0.2
3416,2971,2025-03-05 13:16:02.833 +0000,2025-03-12 13:16:02.838 +0000,0.2
2728,913,2025-03-04 11:27:10.673 +0000,2025-03-11 11:27:10.678 +0000,0.19820522925095463
3594,1325,2025-02-27 14:29:55.714 +0000,2025-03-06 14:29:55.719 +0000,0.19999999999999996
3594,2363,2025-02-27 14:33:10.433 +0000,2025-03-06 14:33:10.440 +0000,0.19999999999999998
3594,970,2025-02-27 14:35:21.455 +0000,2025-03-06 14:35:21.460 +0000,0.19999999999999998
3079,277,2025-03-05 15:27:43.901 +0000,2025-03-12 15:27:43.905 +0000,0.19565647469669736
3682,2136,2025-02-28 13:37:27.127 +0000,2025-03-07 13:37:27.131 +0000,0.10995511677045865
3621,1621,2025-02-26 20:23:37.856 +0000,2025-03-05 20:23:37.861 +0000,0.13133007886575068
3500,2084,2025-03-02 13:01:27.847 +0000,2025-03-09 13:01:27.853 +0000,0.07954078943702539
3661,3205,2025-03-02 20:19:33.382 +0000,2025-03-09 20:19:33.387 +0000,0.12336515168551741
3661,3205,2025-03-02 20:19:33.382 +0000,2025-03-09 20:19:33.387 +0000,0.12336515168551741
3762,970,2025-03-03 04:26:34.528 +0000,2025-03-10 04:26:34.533 +0000,0.16724788716614117
3739,411,2025-03-03 11:57:56.449 +0000,2025-03-10 11:57:56.456 +0000,0.11031170396808283
3739,411,2025-03-03 11:57:56.449 +0000,2025-03-10 11:57:56.456 +0000,0.09192642181193071
1122,970,2025-03-03 13:01:40.607 +0000,2025-03-10 13:01:40.612 +0000,0.08081341332237663
1122,970,2025-03-03 13:01:40.607 +0000,2025-03-10 13:01:40.612 +0000,0.0808134133223767
3772,3695,2025-03-03 14:42:07.776 +0000,2025-03-10 14:42:07.781 +0000,0.1666666699999999
3772,3695,2025-03-03 14:42:07.776 +0000,2025-03-10 14:42:07.781 +0000,0.1666666699999999
1526,302,2025-03-03 15:13:37.193 +0000,2025-03-10 15:13:37.201 +0000,0.18315617687389157
3776,970,2025-03-03 16:40:52.173 +0000,2025-03-10 16:54:04.426 +0000,0.16259969815221398
3777,3708,2025-03-03 17:16:39.693 +0000,2025-03-10 17:16:39.698 +0000,0.15608478565239875
3777,2294,2025-03-03 17:27:19.926 +0000,2025-03-10 17:27:19.931 +0000,0.17799807140083257
3777,3584,2025-03-03 18:18:06.316 +0000,2025-03-10 18:18:06.322 +0000,0.09936087191681837
3826,3146,2025-03-04 12:18:29.692 +0000,2025-03-11 12:18:29.697 +0000,0.0831740285094128
3826,3146,2025-03-04 12:18:29.692 +0000,2025-03-11 12:18:29.697 +0000,0.09980883221511873
1108,2211,2025-03-05 13:01:23.785 +0000,2025-03-12 13:01:23.789 +0000,0.2
1108,2211,2025-03-05 13:01:23.785 +0000,2025-03-12 13:01:23.789 +0000,0.2
481,2294,2025-03-05 13:01:49.203 +0000,2025-03-12 13:01:49.209 +0000,0.10784905909812477
481,2294,2025-03-05 13:01:49.203 +0000,2025-03-12 13:01:49.209 +0000,0.10784905909812477
3079,1272,2025-03-05 15:27:51.311 +0000,2025-03-12 15:27:51.317 +0000,0.19988894595951667
2223,970,2025-02-28 13:12:18.340 +0000,2025-03-07 13:12:40.055 +0000,0.002669607157237551
3591,1075,2025-02-26 12:28:01.847 +0000,2025-03-05 12:28:01.852 +0000,0.2000000000000001
3591,1075,2025-02-26 12:28:01.847 +0000,2025-03-05 12:28:01.852 +0000,0.2000000000000001
538,1001,2025-02-27 13:05:04.843 +0000,2025-03-07 19:24:33.063 +0000,0.054775960241604686
3763,970,2025-03-03 06:09:00.229 +0000,2025-03-10 06:09:00.234 +0000,0.0037387549775756103
3763,970,2025-03-03 06:09:00.229 +0000,2025-03-10 06:09:00.234 +0000,0.004486505883360614
3071,3117,2025-03-02 06:54:56.412 +0000,2025-03-09 06:54:56.417 +0000,0.2
3747,3621,2025-03-02 20:46:07.850 +0000,2025-03-09 20:46:07.855 +0000,0.0968710992649795
3764,2878,2025-03-03 10:38:59.617 +0000,2025-03-10 10:38:59.623 +0000,0.08443754008393675
3764,2878,2025-03-03 10:38:59.617 +0000,2025-03-10 10:38:59.623 +0000,0.1013250460742232
3774,481,2025-03-03 15:25:16.198 +0000,2025-03-10 15:25:16.203 +0000,0.18318529488147517
3632,2549,2025-02-26 14:51:45.776 +0000,2025-03-05 14:53:32.623 +0000,0.19124507376553668
3621,1873,2025-02-26 20:23:46.983 +0000,2025-03-05 20:23:46.989 +0000,0.18341691400229262
3780,2617,2025-03-03 19:03:47.307 +0000,2025-03-10 19:03:47.312 +0000,0.0006139745049344
3780,2617,2025-03-03 19:03:47.307 +0000,2025-03-10 19:03:47.312 +0000,0.0007367693911859
3687,3629,2025-03-01 09:46:22.279 +0000,2025-03-11 17:03:30.696 +0000,0.16666667
3657,1282,2025-02-27 13:14:36.876 +0000,2025-03-06 13:14:36.883 +0000,0.2
3661,3220,2025-03-02 17:33:57.412 +0000,2025-03-09 17:33:57.418 +0000,0.19248196508791637
899,634,2025-02-26 13:01:51.699 +0000,2025-03-05 13:01:57.642 +0000,0.19999999999999996
3826,2878,2025-03-04 12:18:30.344 +0000,2025-03-11 12:18:30.349 +0000,0.00556698292664478
3826,2878,2025-03-04 12:18:30.344 +0000,2025-03-11 12:18:30.349 +0000,0.0066803793783661485
1330,735,2025-03-04 10:53:31.301 +0000,2025-03-11 21:30:38.603 +0000,0.09312067778724131
1330,735,2025-03-04 10:53:31.301 +0000,2025-03-11 21:30:38.603 +0000,0.09312067778724134
1108,3294,2025-03-05 13:01:08.985 +0000,2025-03-12 13:01:08.989 +0000,0.11891901221012353
1108,3294,2025-03-05 13:01:08.985 +0000,2025-03-12 13:01:08.989 +0000,0.09909917882375315
3838,3683,2025-03-05 13:03:33.738 +0000,2025-03-12 13:03:33.743 +0000,0.1204099383209919
580,3523,2025-02-26 13:03:50.828 +0000,2025-03-05 13:03:50.834 +0000,0.16666667
3514,3536,2025-02-26 13:04:33.950 +0000,2025-03-05 13:05:03.498 +0000,0.05485118268236256
3514,1077,2025-02-26 13:05:53.374 +0000,2025-03-05 13:05:53.380 +0000,0.19406873377720424
3564,1325,2025-02-26 21:58:57.088 +0000,2025-03-05 21:58:57.093 +0000,0.19999999999999996
3594,1330,2025-02-27 14:35:00.252 +0000,2025-03-06 14:35:00.256 +0000,0.19999999999999998
3656,3665,2025-03-01 12:25:01.538 +0000,2025-03-08 12:25:01.543 +0000,0.021924989956562318
3734,3698,2025-03-02 14:33:05.372 +0000,2025-03-09 14:33:05.377 +0000,0.16666667
3773,3007,2025-03-03 14:47:19.680 +0000,2025-03-10 14:47:19.689 +0000,0.0037951989195566453
1526,728,2025-03-03 15:13:01.962 +0000,2025-03-10 15:13:01.967 +0000,0.2
1526,728,2025-03-03 15:13:01.962 +0000,2025-03-10 15:13:01.967 +0000,0.2
3777,3679,2025-03-03 17:27:29.158 +0000,2025-03-10 17:27:29.163 +0000,0.0016952868654191563
3777,3071,2025-03-03 18:16:46.780 +0000,2025-03-10 18:16:46.785 +0000,0.2
3079,3209,2025-03-05 15:27:49.143 +0000,2025-03-12 15:27:49.149 +0000,0.05746540410114978
2020,3201,2025-03-05 15:33:07.636 +0000,2025-03-12 15:33:07.641 +0000,0.2
2020,3201,2025-03-05 15:33:07.636 +0000,2025-03-12 15:33:07.641 +0000,0.2
3824,2874,2025-03-04 11:36:32.012 +0000,2025-03-11 11:36:32.018 +0000,0.16666666999999963
899,3139,2025-02-26 13:00:50.903 +0000,2025-03-05 13:00:50.909 +0000,0.19999999999999996
2581,808,2025-02-26 13:02:01.503 +0000,2025-03-05 13:02:01.507 +0000,0.19992592947839968
3729,3617,2025-03-02 10:12:28.369 +0000,2025-03-09 10:12:28.374 +0000,0.043602430330544596
3564,970,2025-03-02 13:02:19.665 +0000,2025-03-09 13:02:19.670 +0000,0.19012144653286933
3736,3657,2025-03-02 14:58:32.373 +0000,2025-03-09 14:58:32.380 +0000,0.16666667
3736,3657,2025-03-02 14:58:32.373 +0000,2025-03-09 14:58:32.380 +0000,0.16666667
3055,2001,2025-03-03 13:27:02.580 +0000,2025-03-10 13:27:02.584 +0000,0.19658491737478898
3772,2692,2025-03-03 14:41:49.303 +0000,2025-03-10 14:41:49.308 +0000,0.1666666699999999
3772,2692,2025-03-03 14:41:49.303 +0000,2025-03-10 14:41:49.308 +0000,0.1999999999999999
3827,2633,2025-03-04 12:34:40.170 +0000,2025-03-11 12:34:40.174 +0000,0.02392830335449223
3827,2633,2025-03-04 12:34:40.170 +0000,2025-03-11 12:34:40.174 +0000,0.028713963451111407
3695,3384,2025-02-28 19:13:55.913 +0000,2025-03-07 19:14:08.337 +0000,0.16666667
3695,3384,2025-02-28 19:13:55.913 +0000,2025-03-07 19:14:08.337 +0000,0.16666667
3656,3629,2025-03-01 12:22:46.306 +0000,2025-03-08 12:22:46.311 +0000,0.1514734053267409
1330,2878,2025-03-01 10:28:47.447 +0000,2025-03-09 20:48:05.102 +0000,0.2000000000000001
1330,2878,2025-03-01 10:28:47.447 +0000,2025-03-09 20:48:05.102 +0000,0.2000000000000001
3747,352,2025-03-02 20:55:59.322 +0000,2025-03-09 20:55:59.327 +0000,0.2
3747,2371,2025-03-02 21:27:03.659 +0000,2025-03-09 21:27:03.664 +0000,0.2
3739,1083,2025-03-02 22:32:39.184 +0000,2025-03-09 22:32:39.189 +0000,0.2
3739,2136,2025-03-02 22:34:57.342 +0000,2025-03-09 22:34:57.346 +0000,0.19028977680301282
3739,2136,2025-03-02 22:34:57.342 +0000,2025-03-09 22:34:57.346 +0000,0.19028977680301282
3739,2136,2025-03-02 22:34:57.342 +0000,2025-03-09 22:34:57.346 +0000,0.15857481717400695
3739,2136,2025-03-02 22:34:57.342 +0000,2025-03-09 22:34:57.346 +0000,0.15857481717400695
3743,2644,2025-03-02 23:17:17.999 +0000,2025-03-09 23:17:18.007 +0000,0.2000000000000001
3743,2644,2025-03-02 23:17:17.999 +0000,2025-03-09 23:17:18.007 +0000,0.2000000000000001
2208,2211,2025-03-02 23:28:42.915 +0000,2025-03-09 23:28:42.920 +0000,0.06398306694463404
2208,2175,2025-03-02 23:28:54.382 +0000,2025-03-09 23:28:54.387 +0000,0.1512032187966723
1526,2375,2025-03-03 15:14:08.340 +0000,2025-03-10 15:14:08.345 +0000,0.20000000000000015
1526,2375,2025-03-03 15:14:08.340 +0000,2025-03-10 15:14:08.345 +0000,0.20000000000000015
465,3659,2025-03-03 19:37:37.266 +0000,2025-03-10 19:37:37.271 +0000,0.2000000000000001
3833,2890,2025-03-04 14:26:21.329 +0000,2025-03-11 14:26:21.335 +0000,0.11894762361514744
3833,2020,2025-03-04 14:27:13.329 +0000,2025-03-11 14:27:13.334 +0000,0.17905780054184603
3816,902,2025-03-04 17:06:41.377 +0000,2025-03-11 17:06:41.381 +0000,0.16666667000000002
3816,902,2025-03-04 17:06:41.377 +0000,2025-03-11 17:06:41.381 +0000,0.16666667000000002
277,2996,2025-02-28 20:41:54.189 +0000,2025-03-11 21:22:53.590 +0000,0.19999999999999998
2707,970,2025-02-27 00:36:44.499 +0000,2025-03-06 00:36:50.088 +0000,0.1414806884534698
3628,3523,2025-02-27 01:16:28.464 +0000,2025-03-06 01:16:28.470 +0000,0.16666667
3650,2692,2025-02-27 12:02:59.698 +0000,2025-03-06 12:02:59.703 +0000,0.045859476914727956
3650,2692,2025-02-27 12:02:59.698 +0000,2025-03-06 12:02:59.703 +0000,0.045859476914727956
3677,2684,2025-02-28 15:32:27.935 +0000,2025-03-07 15:34:51.873 +0000,0.06915480080318413
3692,3384,2025-02-28 19:10:04.736 +0000,2025-03-07 19:10:04.741 +0000,0.16666667
3692,1451,2025-02-28 19:11:10.659 +0000,2025-03-07 19:11:10.664 +0000,0.12469927286942413
3695,2457,2025-02-28 19:14:11.207 +0000,2025-03-07 19:14:11.212 +0000,0.20000000000000007
3695,2457,2025-02-28 19:14:11.207 +0000,2025-03-07 19:14:11.212 +0000,0.20000000000000007
3656,522,2025-02-28 21:31:23.450 +0000,2025-03-07 21:37:10.041 +0000,0.2
3747,260,2025-03-02 21:22:39.787 +0000,2025-03-09 21:22:39.792 +0000,0.2
3747,3049,2025-03-02 21:28:53.460 +0000,2025-03-09 21:28:53.466 +0000,0.2
3787,2916,2025-03-03 21:26:19.078 +0000,2025-03-10 21:26:19.082 +0000,0.0031951537835986487
3787,2916,2025-03-03 21:26:19.078 +0000,2025-03-10 21:26:19.082 +0000,0.0031951537835986487
3711,1325,2025-03-01 15:38:12.728 +0000,2025-03-08 15:38:12.733 +0000,0.2
3693,3695,2025-03-01 22:09:17.288 +0000,2025-03-08 22:09:17.293 +0000,0.166360544511104
3747,3514,2025-03-02 21:29:56.669 +0000,2025-03-09 21:29:56.676 +0000,0.16666667
3747,3514,2025-03-02 21:29:56.669 +0000,2025-03-09 21:29:56.676 +0000,0.16666667
3739,1080,2025-03-02 22:35:33.527 +0000,2025-03-09 22:35:33.532 +0000,0.2
3739,1080,2025-03-02 22:35:33.527 +0000,2025-03-09 22:35:33.532 +0000,0.2
3739,1080,2025-03-02 22:35:33.527 +0000,2025-03-09 22:35:33.532 +0000,0.16666667
3739,1080,2025-03-02 22:35:33.527 +0000,2025-03-09 22:35:33.532 +0000,0.16666667
3747,656,2025-03-03 22:42:36.285 +0000,2025-03-10 22:42:36.290 +0000,0.0003570916020773
3747,656,2025-03-03 22:42:36.285 +0000,2025-03-10 22:42:36.290 +0000,0.0003570916020773
3816,3679,2025-03-03 23:37:01.560 +0000,2025-03-10 23:37:01.567 +0000,0.16666667
3074,2693,2025-03-04 13:00:50.669 +0000,2025-03-11 13:00:50.675 +0000,0.0001982988530284
3074,2693,2025-03-04 13:00:50.669 +0000,2025-03-11 13:00:50.675 +0000,0.0001982988530284
3628,2878,2025-02-27 01:15:14.290 +0000,2025-03-06 01:15:14.295 +0000,0.2
3594,2683,2025-02-27 14:36:54.623 +0000,2025-03-06 14:36:54.628 +0000,0.00823873919396404
3594,1797,2025-02-27 14:37:19.125 +0000,2025-03-06 14:37:19.130 +0000,0.03418072872571201
3695,3685,2025-02-28 19:14:13.799 +0000,2025-03-07 19:14:13.804 +0000,0.1666666699999999
3656,3055,2025-02-28 21:39:46.963 +0000,2025-03-07 21:39:59.471 +0000,0.19992295317539605
2136,601,2025-03-01 13:04:45.742 +0000,2025-03-08 13:04:45.748 +0000,0.2
2136,601,2025-03-01 13:04:45.742 +0000,2025-03-08 13:04:45.748 +0000,0.2
1330,27,2025-03-02 20:50:34.035 +0000,2025-03-09 20:50:34.041 +0000,0.04053035888560341
1330,3577,2025-03-02 20:50:52.028 +0000,2025-03-09 20:50:52.032 +0000,0.16666667000000002
1330,3577,2025-03-02 20:50:52.028 +0000,2025-03-09 20:50:52.032 +0000,0.16666667000000002
3682,3709,2025-03-01 23:07:57.136 +0000,2025-03-08 23:07:57.142 +0000,0.1399027490450615
3747,2469,2025-03-02 20:51:39.621 +0000,2025-03-09 20:51:39.625 +0000,0.15451936888771048
3747,271,2025-03-02 21:22:55.737 +0000,2025-03-09 21:22:55.742 +0000,0.2
3739,867,2025-03-02 22:35:01.332 +0000,2025-03-09 22:35:01.337 +0000,0.1914048431541365
3739,867,2025-03-02 22:35:01.332 +0000,2025-03-09 22:35:01.337 +0000,0.15950403915186112
3789,2175,2025-03-03 21:32:43.985 +0000,2025-03-10 21:32:43.990 +0000,0.15021131155168388
3833,3100,2025-03-04 14:26:34.740 +0000,2025-03-11 14:26:34.746 +0000,0.101209802246616
3833,3100,2025-03-04 14:26:34.740 +0000,2025-03-11 14:26:34.746 +0000,0.101209802246616
3835,3507,2025-03-04 21:03:46.561 +0000,2025-03-11 21:03:46.568 +0000,0.10506441804785305
3676,2714,2025-02-28 14:29:04.781 +0000,2025-03-07 14:29:04.787 +0000,0.20000000000000015
260,2211,2025-02-27 14:37:10.937 +0000,2025-03-06 14:37:10.942 +0000,0.2
3201,2294,2025-02-28 17:47:24.570 +0000,2025-03-07 17:47:24.574 +0000,0.19999999999999984
3692,3653,2025-02-28 18:59:46.607 +0000,2025-03-07 18:59:46.613 +0000,0.16666666999999996
3695,3577,2025-02-28 19:13:39.647 +0000,2025-03-07 19:13:39.652 +0000,0.16666667000000002
3695,3577,2025-02-28 19:13:39.647 +0000,2025-03-07 19:13:39.652 +0000,0.16666667000000002
3695,3565,2025-02-28 19:13:44.980 +0000,2025-03-07 19:13:44.987 +0000,0.16666667000000002
3695,3678,2025-02-28 19:14:38.629 +0000,2025-03-07 19:14:38.633 +0000,0.16666667
1330,1080,2025-03-02 20:48:52.195 +0000,2025-03-09 20:48:52.200 +0000,0.19999999999999987
1330,1080,2025-03-02 20:48:52.195 +0000,2025-03-09 20:48:52.200 +0000,0.19999999999999987
3036,970,2025-03-01 13:30:52.207 +0000,2025-03-08 13:30:52.214 +0000,0.19999999999999998
2502,1021,2025-03-01 13:43:30.727 +0000,2025-03-08 13:43:30.733 +0000,0.119506651286901
3709,735,2025-03-01 14:35:01.472 +0000,2025-03-08 14:35:01.476 +0000,0.12744926342675664
1330,352,2025-03-02 20:51:03.753 +0000,2025-03-09 20:51:03.757 +0000,0.1560122940909812
3747,2876,2025-03-02 21:30:15.729 +0000,2025-03-09 21:30:15.734 +0000,0.08259960958528854
3747,213,2025-03-02 21:30:46.039 +0000,2025-03-09 21:30:46.045 +0000,0.04294745131255807
3739,3523,2025-03-02 22:34:49.836 +0000,2025-03-09 22:34:49.842 +0000,0.16666667
3739,3523,2025-03-02 22:34:49.836 +0000,2025-03-09 22:34:49.842 +0000,0.16666667
3743,3734,2025-03-02 23:17:26.744 +0000,2025-03-09 23:17:26.749 +0000,0.16666667
2208,512,2025-03-02 23:28:35.935 +0000,2025-03-09 23:28:35.940 +0000,0.19999999999999996
3304,2874,2025-03-03 21:25:56.381 +0000,2025-03-10 21:25:56.387 +0000,0.16666667000000002
3832,2175,2025-03-04 14:22:15.756 +0000,2025-03-11 14:22:15.761 +0000,0.0002417768881378
3832,2175,2025-03-04 14:22:15.756 +0000,2025-03-11 14:22:15.761 +0000,0.0002901322599627
3835,3580,2025-03-04 21:04:00.979 +0000,2025-03-11 21:04:00.984 +0000,0.09279542544054531
3835,3580,2025-03-04 21:04:00.979 +0000,2025-03-11 21:04:00.984 +0000,0.09279542544054536
2707,2038,2025-02-27 00:37:19.197 +0000,2025-03-06 00:37:19.203 +0000,0.2
1330,2375,2025-03-02 20:48:54.256 +0000,2025-03-09 20:48:54.261 +0000,0.20000000000000015
1330,3642,2025-03-02 20:49:11.931 +0000,2025-03-09 20:49:11.936 +0000,0.16244754907040523
3656,2211,2025-02-28 21:30:25.953 +0000,2025-03-07 21:30:25.959 +0000,0.2
3747,1080,2025-03-03 22:34:56.535 +0000,2025-03-10 22:34:56.540 +0000,0.2
3747,1080,2025-03-03 22:34:56.535 +0000,2025-03-10 22:34:56.540 +0000,0.2
3074,3539,2025-03-04 13:00:43.050 +0000,2025-03-11 13:00:43.058 +0000,0.05407125487760422
3074,3539,2025-03-04 13:00:43.050 +0000,2025-03-11 13:00:43.058 +0000,0.04505937996585776
2877,464,2025-03-04 13:00:47.099 +0000,2025-03-11 13:00:47.104 +0000,0.2
2877,464,2025-03-04 13:00:47.099 +0000,2025-03-11 13:00:47.104 +0000,0.2
2877,464,2025-03-04 13:00:47.099 +0000,2025-03-11 13:00:47.104 +0000,0.2
2877,464,2025-03-04 13:00:47.099 +0000,2025-03-11 13:00:47.104 +0000,0.2
3833,3201,2025-03-04 14:26:20.379 +0000,2025-03-11 14:26:20.384 +0000,0.19999999999999993
3833,3201,2025-03-04 14:26:20.379 +0000,2025-03-11 14:26:20.384 +0000,0.19999999999999993
3227,3583,2025-03-01 13:48:24.363 +0000,2025-03-08 13:48:24.367 +0000,0.16666667
3709,2692,2025-03-01 14:32:35.016 +0000,2025-03-08 14:32:35.022 +0000,0.04170993709135238
3709,2692,2025-03-01 14:32:35.016 +0000,2025-03-08 14:32:35.022 +0000,0.04170993709135238
3079,2931,2025-03-01 15:00:15.840 +0000,2025-03-08 15:00:15.844 +0000,0.2
3079,1790,2025-03-01 15:00:40.720 +0000,2025-03-08 15:00:40.726 +0000,0.09638797931213405
3079,1790,2025-03-01 15:00:40.720 +0000,2025-03-08 15:00:40.726 +0000,0.09638797931213405
260,3747,2025-03-03 23:24:07.107 +0000,2025-03-10 23:24:07.112 +0000,0.2
3006,970,2025-03-03 23:30:43.202 +0000,2025-03-10 23:30:43.208 +0000,0.061389179243639694
3006,970,2025-03-03 23:30:43.202 +0000,2025-03-10 23:30:43.208 +0000,0.06138917924363967
3816,3228,2025-03-03 23:35:13.199 +0000,2025-03-10 23:35:13.206 +0000,0.14845155907347904
3816,468,2025-03-03 23:36:04.779 +0000,2025-03-10 23:36:04.785 +0000,0.1959752525987919
3594,1935,2025-02-27 14:36:28.523 +0000,2025-03-06 14:36:28.528 +0000,0.08573035913429086
3695,2878,2025-02-28 19:13:27.830 +0000,2025-03-07 19:13:27.835 +0000,0.2000000000000001
3695,2878,2025-02-28 19:13:27.830 +0000,2025-03-07 19:13:27.835 +0000,0.2000000000000001
3692,2878,2025-02-28 19:19:12.923 +0000,2025-03-07 20:18:48.341 +0000,0.08227271167453971
3235,2136,2025-03-01 13:00:51.467 +0000,2025-03-08 13:00:51.472 +0000,0.19999999999999993
3656,1232,2025-02-28 21:30:23.730 +0000,2025-03-07 21:30:23.736 +0000,0.1999999999999999
3656,1325,2025-02-28 21:37:01.506 +0000,2025-03-07 21:37:01.513 +0000,0.197910434561056
3676,970,2025-03-01 00:08:15.053 +0000,2025-03-08 00:08:20.537 +0000,0.20000000000000015
3676,970,2025-03-01 00:08:15.053 +0000,2025-03-08 00:08:20.537 +0000,0.20000000000000015
1330,601,2025-03-02 20:48:59.391 +0000,2025-03-09 20:49:26.228 +0000,0.2
1330,601,2025-03-02 20:48:59.391 +0000,2025-03-09 20:49:26.228 +0000,0.2
3296,2175,2025-03-02 00:28:10.151 +0000,2025-03-09 00:28:10.156 +0000,0.2
3296,2175,2025-03-02 00:28:10.151 +0000,2025-03-09 00:28:10.156 +0000,0.2
1330,66,2025-03-02 20:50:58.774 +0000,2025-03-09 20:50:58.780 +0000,0.04053035888560341
3074,3523,2025-03-04 13:00:48.214 +0000,2025-03-11 13:00:48.221 +0000,0.15780752039387372
3074,3523,2025-03-04 13:00:48.214 +0000,2025-03-11 13:00:48.221 +0000,0.15780752039387372
3074,3523,2025-03-04 13:00:48.214 +0000,2025-03-11 13:00:48.221 +0000,0.1315062696250202
3074,3523,2025-03-04 13:00:48.214 +0000,2025-03-11 13:00:48.221 +0000,0.1315062696250202
3743,3352,2025-03-02 23:54:08.808 +0000,2025-03-09 23:54:08.813 +0000,0.09797290511151407
3816,3047,2025-03-04 17:06:29.419 +0000,2025-03-11 17:06:29.423 +0000,0.1992913811245596
3816,3047,2025-03-04 17:06:29.419 +0000,2025-03-11 17:06:29.423 +0000,0.16607615425865602
3835,436,2025-03-04 21:04:20.543 +0000,2025-03-11 21:04:20.552 +0000,0.16666667
3677,3488,2025-02-28 15:32:26.359 +0000,2025-03-07 15:32:26.366 +0000,0.008161346416989408
3650,2714,2025-02-27 12:03:40.657 +0000,2025-03-06 12:03:40.662 +0000,0.19445050033549205
260,1670,2025-02-27 14:37:08.258 +0000,2025-03-06 14:37:08.262 +0000,0.13044411969771424
3695,2963,2025-02-28 19:14:15.980 +0000,2025-03-07 19:14:15.986 +0000,0.18645578784115857
3695,411,2025-02-28 19:16:19.490 +0000,2025-03-07 19:16:19.495 +0000,0.19999999999999996
3676,2692,2025-02-28 14:29:47.326 +0000,2025-03-08 00:04:12.242 +0000,0.07337798426759284
3676,2692,2025-02-28 14:29:47.326 +0000,2025-03-08 00:04:12.242 +0000,0.07337798426759284
11,1526,2025-03-01 13:04:48.071 +0000,2025-03-08 13:04:48.078 +0000,0.18315617687389155
3692,3272,2025-03-01 13:07:47.872 +0000,2025-03-08 13:07:47.878 +0000,0.05985025983480459
3709,2941,2025-03-01 14:31:08.761 +0000,2025-03-08 14:31:08.765 +0000,0.20000000000000007
3709,970,2025-03-01 14:32:19.143 +0000,2025-03-08 14:32:19.147 +0000,0.19999999999999996
3709,970,2025-03-01 14:32:19.143 +0000,2025-03-08 14:32:19.147 +0000,0.19999999999999996
1330,3565,2025-03-02 20:50:50.656 +0000,2025-03-09 20:50:50.659 +0000,0.16666667000000002
3747,3695,2025-03-02 20:54:36.475 +0000,2025-03-09 20:54:36.481 +0000,0.16666667
3747,3695,2025-03-02 20:54:36.475 +0000,2025-03-09 20:54:36.481 +0000,0.16666667
3747,2969,2025-03-02 20:56:23.259 +0000,2025-03-09 20:56:23.264 +0000,0.16088697939832
3747,2969,2025-03-02 20:56:23.259 +0000,2025-03-09 20:56:23.264 +0000,0.16088697939832
3749,3100,2025-03-02 21:37:42.250 +0000,2025-03-09 21:37:42.255 +0000,0.09132657236467037
3749,3100,2025-03-02 21:37:42.250 +0000,2025-03-09 21:37:42.255 +0000,0.09132657236467037
3739,2963,2025-03-02 22:34:58.676 +0000,2025-03-09 22:34:58.681 +0000,0.2
3739,2963,2025-03-02 22:34:58.676 +0000,2025-03-09 22:34:58.681 +0000,0.16666667
3055,596,2025-02-28 20:09:25.259 +0000,2025-03-10 13:26:27.295 +0000,0.20000000000000007
3816,3505,2025-03-03 23:37:37.772 +0000,2025-03-10 23:37:37.777 +0000,0.1649691703520027
3832,970,2025-03-04 14:22:13.669 +0000,2025-03-11 14:22:13.675 +0000,0.0785457776871105
3832,970,2025-03-04 14:22:13.669 +0000,2025-03-11 14:22:13.675 +0000,0.09425493133943402
3835,2588,2025-03-04 21:03:59.907 +0000,2025-03-11 21:03:59.912 +0000,0.19999999999999993
3835,2588,2025-03-04 21:03:59.907 +0000,2025-03-11 21:03:59.912 +0000,0.1666666699999999
3494,3580,2025-03-01 13:00:27.681 +0000,2025-03-12 15:29:03.376 +0000,0.16666667
260,970,2025-02-27 14:38:19.134 +0000,2025-03-06 14:38:19.139 +0000,0.19989190020792233
3695,1330,2025-02-28 19:15:31.660 +0000,2025-03-07 19:15:31.665 +0000,0.17578005184039835
3695,1330,2025-02-28 19:15:31.660 +0000,2025-03-07 19:15:31.665 +0000,0.17578005184039835
3676,3460,2025-02-28 14:30:48.614 +0000,2025-03-08 00:04:27.573 +0000,0.1666666700000001
3079,1491,2025-03-01 15:00:18.631 +0000,2025-03-08 15:00:18.635 +0000,0.14095883132513357
1330,3653,2025-03-02 20:49:37.717 +0000,2025-03-09 20:49:37.721 +0000,0.1526694217407656
1330,3653,2025-03-02 20:49:37.717 +0000,2025-03-09 20:49:37.721 +0000,0.1526694217407656
3747,3539,2025-03-02 20:55:05.349 +0000,2025-03-09 20:55:05.355 +0000,0.16666667
3747,3662,2025-03-02 20:56:17.157 +0000,2025-03-09 20:56:17.162 +0000,0.0011438468402093925
3747,2707,2025-03-02 21:22:33.559 +0000,2025-03-09 21:22:33.564 +0000,0.2
3739,601,2025-03-02 22:35:34.572 +0000,2025-03-09 22:35:34.577 +0000,0.0881658735511245
3739,601,2025-03-02 22:35:34.572 +0000,2025-03-09 22:35:34.577 +0000,0.0881658735511245
3739,601,2025-03-02 22:35:34.572 +0000,2025-03-09 22:35:34.577 +0000,0.07347156276203497
3739,601,2025-03-02 22:35:34.572 +0000,2025-03-09 22:35:34.577 +0000,0.07347156276203497
3816,2890,2025-03-03 23:38:52.915 +0000,2025-03-10 23:38:52.919 +0000,0.19999870317326132
2779,970,2025-03-04 00:16:13.980 +0000,2025-03-11 13:21:16.065 +0000,0.20000000000000007
2779,970,2025-03-04 00:16:13.980 +0000,2025-03-11 13:21:16.065 +0000,0.20000000000000007
3056,3350,2025-02-27 01:50:22.039 +0000,2025-03-06 01:50:22.044 +0000,0.16666265729748017
3594,1465,2025-02-27 14:37:01.357 +0000,2025-03-06 14:37:01.362 +0000,0.021309396791604346
260,2136,2025-02-27 14:40:00.097 +0000,2025-03-06 14:40:00.102 +0000,0.19882754139266595
3695,3628,2025-02-28 19:13:26.770 +0000,2025-03-07 19:13:26.774 +0000,0.16666667
3695,1083,2025-02-28 19:13:36.099 +0000,2025-03-07 19:13:36.106 +0000,0.19999999999999996
2063,970,2025-03-01 13:00:27.923 +0000,2025-03-08 13:00:27.930 +0000,0.008556483132257006
3709,2878,2025-03-01 14:33:32.036 +0000,2025-03-08 14:33:32.041 +0000,0.19979685203821285
3709,2878,2025-03-01 14:33:32.036 +0000,2025-03-08 14:33:32.041 +0000,0.19979685203821285
3709,2793,2025-03-01 14:34:13.792 +0000,2025-03-08 14:34:13.799 +0000,0.2
3709,3628,2025-03-01 14:35:02.465 +0000,2025-03-08 14:35:02.469 +0000,0.10941888378188513
3713,2644,2025-03-01 16:20:51.350 +0000,2025-03-08 16:20:51.355 +0000,0.0000083988873221
3713,2644,2025-03-01 16:20:51.350 +0000,2025-03-08 16:20:51.355 +0000,0.0000083988873221
3296,2749,2025-03-02 00:27:42.142 +0000,2025-03-09 00:27:42.146 +0000,0.13416360158031468
1330,2457,2025-03-02 20:49:41.637 +0000,2025-03-09 20:49:41.642 +0000,0.20000000000000007
1330,2457,2025-03-02 20:49:41.637 +0000,2025-03-09 20:49:41.642 +0000,0.20000000000000007
1330,2963,2025-03-02 20:50:58.116 +0000,2025-03-09 20:50:58.121 +0000,0.15546216498176652
3833,876,2025-03-04 14:26:18.903 +0000,2025-03-11 14:26:18.908 +0000,0.18643120089673731
3739,1451,2025-03-02 22:35:35.095 +0000,2025-03-10 11:54:59.208 +0000,0.10582109619400358
3739,1451,2025-03-02 22:35:35.095 +0000,2025-03-10 11:54:59.208 +0000,0.10582109619400358
3739,1451,2025-03-02 22:35:35.095 +0000,2025-03-10 11:54:59.208 +0000,0.08818424859202122
3739,1451,2025-03-02 22:35:35.095 +0000,2025-03-10 11:54:59.208 +0000,0.08818424859202122
3784,3623,2025-03-03 20:18:28.765 +0000,2025-03-10 20:18:28.769 +0000,0.16666666999999996
3816,3071,2025-03-03 23:36:22.869 +0000,2025-03-10 23:36:22.875 +0000,0.20000000000000007
3833,3679,2025-03-04 14:26:51.785 +0000,2025-03-11 14:26:51.791 +0000,0.1546997478640173
3816,1412,2025-03-04 17:06:00.206 +0000,2025-03-11 17:06:00.211 +0000,0.16666666999999996
3816,1412,2025-03-04 17:06:00.206 +0000,2025-03-11 17:06:00.211 +0000,0.16666666999999996
3835,3830,2025-03-04 21:04:44.711 +0000,2025-03-11 21:04:44.716 +0000,0.04179684940417281
3835,3830,2025-03-04 21:04:44.711 +0000,2025-03-11 21:04:44.716 +0000,0.04179684940417281
3594,1075,2025-02-27 14:37:08.068 +0000,2025-03-06 14:37:08.071 +0000,0.2000000000000001
3594,2211,2025-02-27 14:37:27.999 +0000,2025-03-06 14:37:28.004 +0000,0.2
2063,1027,2025-03-01 13:00:32.062 +0000,2025-03-08 13:00:32.068 +0000,0.06913289677941423
3692,1080,2025-02-28 19:15:17.733 +0000,2025-03-07 19:15:17.739 +0000,0.07531717669993568
3656,3523,2025-02-28 21:25:36.522 +0000,2025-03-07 21:25:36.527 +0000,0.10082738670260315
3709,2625,2025-03-01 14:33:26.336 +0000,2025-03-08 14:33:26.340 +0000,0.2
3709,352,2025-03-01 14:33:50.803 +0000,2025-03-08 14:33:50.809 +0000,0.19999999999999996
3709,3683,2025-03-01 14:35:09.636 +0000,2025-03-08 14:35:09.642 +0000,0.16649738002845824
2728,1283,2025-03-01 16:10:13.980 +0000,2025-03-08 16:10:13.985 +0000,0.19999999999999996
3713,3706,2025-03-01 16:20:46.821 +0000,2025-03-08 16:20:46.830 +0000,0.003633676110935721
3713,3706,2025-03-01 16:20:46.821 +0000,2025-03-08 16:20:46.830 +0000,0.003633676110935721
1330,48,2025-03-02 20:49:45.307 +0000,2025-03-09 20:49:45.311 +0000,0.2
3743,2360,2025-03-02 20:57:42.104 +0000,2025-03-09 20:57:42.109 +0000,0.19999999999999996
3743,2360,2025-03-02 20:57:42.104 +0000,2025-03-09 20:57:42.109 +0000,0.19999999999999996
3739,2625,2025-03-02 22:34:49.151 +0000,2025-03-09 22:34:49.156 +0000,0.1999602558764514
3739,2625,2025-03-02 22:34:49.151 +0000,2025-03-09 22:34:49.156 +0000,0.16663354989638038
3117,2294,2025-03-03 21:02:50.543 +0000,2025-03-10 21:02:50.549 +0000,0.2
3788,3736,2025-03-03 21:36:23.792 +0000,2025-03-10 21:36:23.797 +0000,0.10976635500266609
3816,3201,2025-03-03 23:37:34.848 +0000,2025-03-10 23:37:34.854 +0000,0.19274423307730565
3816,3201,2025-03-03 23:37:34.848 +0000,2025-03-10 23:37:34.854 +0000,0.19274423307730565
2588,1462,2025-03-04 13:25:29.510 +0000,2025-03-11 13:25:29.516 +0000,0.19999999999999993
3833,3816,2025-03-04 17:56:25.627 +0000,2025-03-11 17:56:25.632 +0000,0.1666666699999999
3833,3816,2025-03-04 17:56:25.627 +0000,2025-03-11 17:56:25.632 +0000,0.1666666699999999
3835,3079,2025-03-04 21:04:15.975 +0000,2025-03-11 21:04:15.979 +0000,0.1434307592759857
3835,3079,2025-03-04 21:04:15.975 +0000,2025-03-11 21:04:15.979 +0000,0.1434307592759857
3835,1028,2025-03-04 21:04:20.542 +0000,2025-03-11 21:04:20.547 +0000,0.19892048119430056
3835,1028,2025-03-04 21:04:20.542 +0000,2025-03-11 21:04:20.547 +0000,0.19892048119430056
3835,1028,2025-03-04 21:04:20.542 +0000,2025-03-11 21:04:20.547 +0000,0.16576707097725846
3835,1028,2025-03-04 21:04:20.542 +0000,2025-03-11 21:04:20.547 +0000,0.16576707097725846
3695,1451,2025-02-28 19:14:02.299 +0000,2025-03-07 19:14:02.306 +0000,0.2
3695,1451,2025-02-28 19:14:02.299 +0000,2025-03-07 19:14:02.306 +0000,0.2
3695,27,2025-02-28 19:14:12.330 +0000,2025-03-07 19:14:12.334 +0000,0.2000000000000001
2491,3460,2025-03-01 14:00:59.550 +0000,2025-03-08 14:00:59.555 +0000,0.1432881358519564
3709,3508,2025-03-01 14:34:05.493 +0000,2025-03-08 14:34:05.499 +0000,0.14253658683770773
2728,1526,2025-03-01 16:09:27.288 +0000,2025-03-08 16:09:27.294 +0000,0.19999999999999996
3713,2713,2025-03-01 16:20:18.209 +0000,2025-03-08 16:20:18.214 +0000,0.005885337361042349
3713,3352,2025-03-01 16:21:30.258 +0000,2025-03-08 16:21:48.693 +0000,0.03533700148793863
3747,1573,2025-03-02 20:54:59.848 +0000,2025-03-09 20:54:59.855 +0000,0.2
3747,3006,2025-03-02 20:56:24.094 +0000,2025-03-09 20:56:24.100 +0000,0.2
3743,3146,2025-03-02 20:57:58.174 +0000,2025-03-09 20:57:58.179 +0000,0.11495877306542182
3743,3146,2025-03-02 20:57:58.174 +0000,2025-03-09 20:57:58.179 +0000,0.11495877306542182
3747,2150,2025-03-02 21:22:35.478 +0000,2025-03-09 21:22:35.484 +0000,0.19313797599151192
3739,352,2025-03-02 22:34:47.947 +0000,2025-03-09 22:34:47.952 +0000,0.2
3739,352,2025-03-02 22:34:47.947 +0000,2025-03-09 22:34:47.952 +0000,0.16666667
2588,3462,2025-03-04 13:25:31.428 +0000,2025-03-11 13:25:31.433 +0000,0.01139057781728371
3793,1412,2025-03-03 21:48:01.051 +0000,2025-03-10 21:48:01.055 +0000,0.16666666999999996
260,1526,2025-03-03 23:23:12.648 +0000,2025-03-10 23:23:12.654 +0000,0.18488368270911162
260,1526,2025-03-03 23:23:12.648 +0000,2025-03-10 23:23:12.654 +0000,0.1848836827091118
3816,3777,2025-03-03 23:36:59.403 +0000,2025-03-10 23:36:59.406 +0000,0.16666667
3816,3777,2025-03-03 23:36:59.403 +0000,2025-03-10 23:36:59.406 +0000,0.16666667
3816,1028,2025-03-03 23:37:44.828 +0000,2025-03-10 23:37:44.834 +0000,0.19999999999999996
3816,1028,2025-03-03 23:37:44.828 +0000,2025-03-10 23:37:44.834 +0000,0.19999999999999996
3833,3708,2025-03-04 14:24:32.702 +0000,2025-03-11 14:24:32.707 +0000,0.15776809052683594
277,3835,2025-03-04 21:23:58.007 +0000,2025-03-11 21:23:58.012 +0000,0.1322594517799753
277,3835,2025-03-04 21:23:58.007 +0000,2025-03-11 21:23:58.012 +0000,0.11218966469358221
3677,3566,2025-02-28 15:32:20.464 +0000,2025-03-07 15:32:20.470 +0000,0.16635655317016798
3628,2342,2025-02-27 11:03:24.626 +0000,2025-03-06 11:03:24.630 +0000,0.2
3695,3085,2025-02-28 19:12:10.559 +0000,2025-03-07 19:12:10.563 +0000,0.2
3695,3642,2025-02-28 19:14:00.840 +0000,2025-03-07 19:14:00.846 +0000,0.16666667
3699,3201,2025-02-28 22:10:47.747 +0000,2025-03-07 22:10:47.753 +0000,0.11422872726833495
3709,2749,2025-03-01 14:32:57.347 +0000,2025-03-08 14:32:57.352 +0000,0.09054497973355208
3079,3047,2025-03-01 15:00:37.698 +0000,2025-03-08 15:00:37.703 +0000,0.16752931337392257
1330,1451,2025-03-02 20:49:59.710 +0000,2025-03-09 20:49:59.716 +0000,0.2
1330,1451,2025-03-02 20:49:59.710 +0000,2025-03-09 20:49:59.716 +0000,0.2
2728,2780,2025-03-01 16:10:42.291 +0000,2025-03-08 16:10:42.296 +0000,0.19994482212799883
3747,735,2025-03-02 20:54:43.680 +0000,2025-03-09 20:54:43.687 +0000,0.2
3747,2984,2025-03-02 21:22:31.407 +0000,2025-03-09 21:22:31.413 +0000,0.2
3747,2867,2025-03-02 21:27:05.490 +0000,2025-03-09 21:27:05.497 +0000,0.2
3739,2457,2025-03-02 22:34:59.749 +0000,2025-03-09 22:34:59.754 +0000,0.2
3739,2457,2025-03-02 22:34:59.749 +0000,2025-03-09 22:34:59.754 +0000,0.2
3739,2457,2025-03-02 22:34:59.749 +0000,2025-03-09 22:34:59.754 +0000,0.16666667
3739,2457,2025-03-02 22:34:59.749 +0000,2025-03-09 22:34:59.754 +0000,0.16666667
3739,3692,2025-03-02 22:35:23.045 +0000,2025-03-09 22:35:23.049 +0000,0.14103235907844644
3789,3296,2025-03-03 21:32:43.101 +0000,2025-03-10 21:32:43.106 +0000,0.15868300881409714
3747,3220,2025-03-03 22:29:44.397 +0000,2025-03-10 22:29:44.403 +0000,0.1316410693000993
260,3739,2025-03-03 23:23:27.771 +0000,2025-03-10 23:23:27.775 +0000,0.2
3816,2294,2025-03-03 23:36:45.610 +0000,2025-03-10 23:36:45.614 +0000,0.19999999999999984
3816,3061,2025-03-03 23:38:36.034 +0000,2025-03-10 23:38:36.039 +0000,0.19999999999999996
2617,3494,2025-03-04 13:42:43.858 +0000,2025-03-11 13:42:43.866 +0000,0.2
3835,3071,2025-03-04 21:04:53.316 +0000,2025-03-11 21:04:53.321 +0000,0.20000000000000007
3835,3071,2025-03-04 21:04:53.316 +0000,2025-03-11 21:04:53.321 +0000,0.16666667000000002
260,2342,2025-02-27 14:40:00.896 +0000,2025-03-06 14:40:00.901 +0000,0.19999999999999996
11,3055,2025-03-01 13:05:53.138 +0000,2025-03-08 13:05:53.143 +0000,0.10562179024532573
3656,3422,2025-02-28 21:38:43.374 +0000,2025-03-07 21:39:01.338 +0000,0.16666667
3692,2692,2025-03-01 13:08:21.738 +0000,2025-03-08 13:08:21.743 +0000,0.15339322539063538
3709,2375,2025-03-01 14:34:55.649 +0000,2025-03-08 14:34:55.653 +0000,0.10586219712260597
3709,601,2025-03-01 14:35:17.756 +0000,2025-03-08 14:35:17.762 +0000,0.2
3709,601,2025-03-01 14:35:17.756 +0000,2025-03-08 14:35:17.762 +0000,0.2
3713,3581,2025-03-01 16:16:39.166 +0000,2025-03-08 16:16:39.171 +0000,0.021999824198621558
1330,3739,2025-03-02 20:50:09.888 +0000,2025-03-09 20:50:09.893 +0000,0.16666667
1330,3739,2025-03-02 20:50:09.888 +0000,2025-03-09 20:50:09.893 +0000,0.16666667
3693,3523,2025-03-01 22:02:09.461 +0000,2025-03-08 22:02:09.467 +0000,0.1666666700000002
3747,970,2025-03-02 20:52:52.014 +0000,2025-03-09 20:52:52.022 +0000,0.2
3747,970,2025-03-02 20:52:52.014 +0000,2025-03-09 20:52:52.022 +0000,0.2
3749,3708,2025-03-02 21:37:39.985 +0000,2025-03-09 21:37:39.990 +0000,0.13657710089176328
3788,3723,2025-03-03 21:36:40.765 +0000,2025-03-10 21:36:40.770 +0000,0.13624869076881585
3505,1028,2025-03-04 22:05:20.050 +0000,2025-03-11 22:05:20.055 +0000,0.0427366181229698
3505,1028,2025-03-04 22:05:20.050 +0000,2025-03-11 22:05:20.055 +0000,0.03561384914808512
260,1897,2025-02-27 14:37:34.973 +0000,2025-03-06 14:37:34.978 +0000,0.09311084836973534
3695,2625,2025-02-28 19:12:54.190 +0000,2025-03-07 19:12:54.194 +0000,0.2
3695,352,2025-02-28 19:14:06.500 +0000,2025-03-07 19:14:06.506 +0000,0.18681917876521076
3695,2793,2025-02-28 19:14:29.339 +0000,2025-03-07 19:14:29.345 +0000,0.2
3687,3665,2025-03-01 00:26:33.637 +0000,2025-03-08 00:26:33.643 +0000,0.16666667
3708,3100,2025-03-01 14:03:20.307 +0000,2025-03-08 14:03:20.313 +0000,0.10723831759254299
2371,3272,2025-03-01 22:10:12.339 +0000,2025-03-08 22:10:12.345 +0000,0.16666667
2208,970,2025-03-02 23:28:14.999 +0000,2025-03-09 23:28:15.004 +0000,0.19999999999999996
260,3709,2025-03-03 23:22:51.587 +0000,2025-03-10 23:22:51.591 +0000,0.19999999999999996
260,3709,2025-03-03 23:22:51.587 +0000,2025-03-10 23:22:51.591 +0000,0.16666666999999993
3835,1262,2025-03-04 21:03:57.842 +0000,2025-03-11 21:03:57.849 +0000,0.2
3835,1262,2025-03-04 21:03:57.842 +0000,2025-03-11 21:03:57.849 +0000,0.16666667
3695,3506,2025-02-28 19:12:24.409 +0000,2025-03-07 19:12:24.414 +0000,0.16666666999999996
3695,362,2025-02-28 19:14:36.589 +0000,2025-03-07 19:14:36.594 +0000,0.2000000000000001
3628,3342,2025-02-27 01:16:42.694 +0000,2025-03-06 01:16:42.700 +0000,0.16666667
2502,2694,2025-03-01 13:44:36.745 +0000,2025-03-08 13:44:36.751 +0000,0.08136023209690102
3747,2878,2025-03-02 20:54:03.966 +0000,2025-03-09 20:54:03.971 +0000,0.2
3747,2878,2025-03-02 20:54:03.966 +0000,2025-03-09 20:54:03.971 +0000,0.2
3739,3539,2025-03-02 22:21:31.772 +0000,2025-03-09 22:21:31.777 +0000,0.16666667
3739,2375,2025-03-02 22:35:03.640 +0000,2025-03-09 22:35:03.646 +0000,0.16666667
2209,1529,2025-02-25 13:00:21.977 +0000,2025-03-10 21:42:27.902 +0000,0.19999999999999996
3811,1570,2025-03-03 21:51:15.238 +0000,2025-03-10 21:51:15.243 +0000,0.09912194671973418
3747,1083,2025-03-03 22:33:51.501 +0000,2025-03-10 22:33:51.507 +0000,0.1316410693000993
3816,2020,2025-03-03 23:38:48.254 +0000,2025-03-10 23:38:48.259 +0000,0.2
3833,3228,2025-03-04 14:26:33.692 +0000,2025-03-11 14:26:33.697 +0000,0.19999999999999993
3201,2161,2025-03-01 14:45:02.490 +0000,2025-03-12 13:40:51.094 +0000,0.2
3777,3816,2025-03-04 21:53:12.114 +0000,2025-03-12 15:35:39.034 +0000,0.16666667
3777,3816,2025-03-04 21:53:12.114 +0000,2025-03-12 15:35:39.034 +0000,0.16666667
3628,1572,2025-02-27 01:16:49.819 +0000,2025-03-06 01:16:49.824 +0000,0.19999999999999996
3594,791,2025-02-27 14:36:49.562 +0000,2025-03-06 14:36:49.566 +0000,0.20000000000000007
260,512,2025-02-27 14:39:57.003 +0000,2025-03-06 14:39:57.009 +0000,0.13756378667031735
3055,3525,2025-02-25 16:02:50.729 +0000,2025-03-06 14:41:40.642 +0000,0.16666667
3692,3146,2025-02-28 19:11:52.971 +0000,2025-03-07 19:11:52.977 +0000,0.18748701574098448
3708,419,2025-03-01 14:03:07.129 +0000,2025-03-08 14:03:46.960 +0000,0.005342065888502098
3709,2171,2025-03-01 14:34:09.197 +0000,2025-03-08 14:34:09.203 +0000,0.19999999999999996
3709,3602,2025-03-01 14:34:13.793 +0000,2025-03-08 14:34:13.799 +0000,0.15724494124369648
1330,2136,2025-03-02 20:50:55.917 +0000,2025-03-09 20:50:55.921 +0000,0.19920806812581457
1330,2136,2025-03-02 20:50:55.917 +0000,2025-03-09 20:50:55.921 +0000,0.19920806812581457
3747,3602,2025-03-02 20:56:07.965 +0000,2025-03-09 20:56:34.674 +0000,0.16666667
3832,3747,2025-03-04 14:21:37.560 +0000,2025-03-11 14:21:37.565 +0000,0.06556063460783057
3832,3747,2025-03-04 14:21:37.560 +0000,2025-03-11 14:21:37.565 +0000,0.06556063460783057
3749,3679,2025-03-02 21:36:46.747 +0000,2025-03-09 21:36:46.753 +0000,0.12500131040432902
3749,3228,2025-03-02 21:37:22.594 +0000,2025-03-09 21:37:22.601 +0000,0.19999999999999996
3749,3071,2025-03-02 21:37:43.344 +0000,2025-03-09 21:37:43.351 +0000,0.18068624849037715
3739,2878,2025-03-02 22:34:52.838 +0000,2025-03-09 22:34:52.844 +0000,0.2
3739,2878,2025-03-02 22:34:52.838 +0000,2025-03-09 22:34:52.844 +0000,0.2
3739,2878,2025-03-02 22:34:52.838 +0000,2025-03-09 22:34:52.844 +0000,0.16666667
3739,2878,2025-03-02 22:34:52.838 +0000,2025-03-09 22:34:52.844 +0000,0.16666667
3743,3713,2025-03-02 23:17:49.653 +0000,2025-03-09 23:17:49.658 +0000,0.011964850861945268
3743,3713,2025-03-02 23:17:49.653 +0000,2025-03-09 23:17:49.658 +0000,0.011964850861945268
3835,2040,2025-03-04 21:04:02.223 +0000,2025-03-11 21:04:02.228 +0000,0.09809996832357797
3835,2040,2025-03-04 21:04:02.223 +0000,2025-03-11 21:04:02.228 +0000,0.08174997523798111
3628,2457,2025-02-27 01:18:04.007 +0000,2025-03-06 01:19:55.488 +0000,0.19980879383626765
3056,2543,2025-02-27 01:51:24.875 +0000,2025-03-06 01:51:52.546 +0000,0.19999999999999993
1330,3049,2025-03-02 20:51:13.818 +0000,2025-03-11 08:06:38.572 +0000,0.19999999999999987
3692,3706,2025-03-01 13:07:24.677 +0000,2025-03-08 13:07:24.683 +0000,0.021229722227774958
3709,3621,2025-03-01 14:32:20.812 +0000,2025-03-08 14:32:20.818 +0000,0.16428547769954607
3747,3387,2025-03-02 20:57:36.011 +0000,2025-03-09 21:22:18.557 +0000,0.16666667
2209,1570,2025-02-25 13:00:21.990 +0000,2025-03-10 21:42:29.816 +0000,0.0870130967625411
3793,1028,2025-03-03 21:46:38.749 +0000,2025-03-10 21:46:38.753 +0000,0.1529449742213937
3793,1028,2025-03-03 21:46:38.749 +0000,2025-03-10 21:46:38.753 +0000,0.1835339653949931
3747,2136,2025-03-03 22:34:23.674 +0000,2025-03-10 22:34:23.680 +0000,0.1924236567271962
3747,2136,2025-03-03 22:34:23.674 +0000,2025-03-10 22:34:23.680 +0000,0.1924236567271962
260,601,2025-03-03 23:24:03.074 +0000,2025-03-10 23:24:03.079 +0000,0.2
3816,419,2025-03-03 23:38:57.659 +0000,2025-03-10 23:38:57.664 +0000,0.2
3816,419,2025-03-03 23:38:57.659 +0000,2025-03-10 23:38:57.664 +0000,0.2
2718,3103,2025-03-03 23:54:21.681 +0000,2025-03-10 23:54:21.688 +0000,0.20000000000000007
3341,970,2025-03-04 15:57:02.054 +0000,2025-03-11 15:57:02.060 +0000,0.030576222497287114
3341,970,2025-03-04 15:57:02.054 +0000,2025-03-11 15:57:02.060 +0000,0.030576222497287114
2550,3520,2025-03-04 19:46:25.427 +0000,2025-03-11 19:46:25.432 +0000,0.09201881453149262
3835,1491,2025-03-04 21:03:18.609 +0000,2025-03-11 21:03:18.614 +0000,0.19813916347868527
3835,1491,2025-03-04 21:03:18.609 +0000,2025-03-11 21:03:18.614 +0000,0.1651159728678904
3835,3494,2025-03-04 21:03:49.024 +0000,2025-03-11 21:03:49.029 +0000,0.16666667
3835,3494,2025-03-04 21:03:49.024 +0000,2025-03-11 21:03:49.029 +0000,0.16666667
3695,3653,2025-02-28 19:12:34.178 +0000,2025-03-07 19:12:34.183 +0000,0.16666666999999996
3695,3653,2025-02-28 19:12:34.178 +0000,2025-03-07 19:12:34.183 +0000,0.16666666999999996
3695,867,2025-02-28 19:13:39.647 +0000,2025-03-07 19:13:39.654 +0000,0.2
3650,3621,2025-02-27 12:03:43.110 +0000,2025-03-06 12:03:43.116 +0000,0.06729279451898523
3036,1027,2025-03-01 13:30:36.914 +0000,2025-03-08 13:30:36.920 +0000,0.19999999999999998
3708,3462,2025-03-01 14:02:00.128 +0000,2025-03-08 14:02:00.132 +0000,0.16627719320274506
3709,3007,2025-03-01 14:31:56.028 +0000,2025-03-08 14:31:56.034 +0000,0.19999999999999996
3079,1882,2025-03-01 15:00:42.960 +0000,2025-03-08 15:00:42.967 +0000,0.0000551181955436
3079,1882,2025-03-01 15:00:42.960 +0000,2025-03-08 15:00:42.967 +0000,0.0000551181955436
3747,3613,2025-03-02 20:55:32.137 +0000,2025-03-09 20:55:32.143 +0000,0.16666667
3747,3369,2025-03-02 20:56:17.157 +0000,2025-03-09 20:56:17.162 +0000,0.16666667
3747,3369,2025-03-02 20:56:17.157 +0000,2025-03-09 20:56:17.162 +0000,0.16666667
3739,3506,2025-03-02 22:21:26.412 +0000,2025-03-09 22:21:26.417 +0000,0.16666667
3739,3695,2025-03-02 22:31:12.025 +0000,2025-03-09 22:31:12.031 +0000,0.16666667
3739,3695,2025-03-02 22:31:12.025 +0000,2025-03-09 22:31:12.031 +0000,0.16666667
3739,3716,2025-03-02 22:35:23.045 +0000,2025-03-09 22:35:23.053 +0000,0.16666667
3751,970,2025-03-02 23:05:32.392 +0000,2025-03-09 23:05:32.397 +0000,0.16666667
3751,970,2025-03-02 23:05:32.392 +0000,2025-03-09 23:05:32.397 +0000,0.2
3417,3424,2025-03-03 21:45:15.474 +0000,2025-03-10 21:45:15.484 +0000,0.16666666999999996
3777,3117,2025-03-03 21:46:50.621 +0000,2025-03-10 21:46:50.626 +0000,0.038463697300303155
3777,3117,2025-03-03 21:46:50.621 +0000,2025-03-10 21:46:50.626 +0000,0.038463697300303155
3777,3117,2025-03-03 21:46:50.621 +0000,2025-03-10 21:46:50.626 +0000,0.046156435837235076
3777,3117,2025-03-03 21:46:50.621 +0000,2025-03-10 21:46:50.626 +0000,0.046156435837235076
3835,2294,2025-03-04 21:04:55.320 +0000,2025-03-11 21:04:55.324 +0000,0.19992152854046136
3835,2294,2025-03-04 21:04:55.320 +0000,2025-03-11 21:04:55.324 +0000,0.16660127711574338
3056,808,2025-02-27 01:48:58.083 +0000,2025-03-06 01:48:58.088 +0000,0.19999999999999993
3695,735,2025-02-28 19:13:34.929 +0000,2025-03-07 19:13:34.935 +0000,0.1986099445508255
260,3653,2025-02-27 14:40:16.258 +0000,2025-03-06 14:40:16.263 +0000,0.023818993349827056
3695,3602,2025-02-28 19:14:37.608 +0000,2025-03-07 19:14:37.614 +0000,0.16666666999999996
3747,2053,2025-03-02 20:56:06.559 +0000,2025-03-09 20:56:06.566 +0000,0.2
3747,3693,2025-03-02 21:22:38.827 +0000,2025-03-09 21:22:38.832 +0000,0.1666222016342048
3676,2175,2025-03-01 00:04:16.919 +0000,2025-03-08 00:04:43.681 +0000,0.13627254876119863
3676,2175,2025-03-01 00:04:16.919 +0000,2025-03-08 00:04:43.681 +0000,0.13627254876119863
3692,970,2025-03-01 13:09:55.834 +0000,2025-03-08 13:09:55.839 +0000,0.17189212421152697
310,3523,2025-03-01 14:18:44.064 +0000,2025-03-08 14:18:44.070 +0000,0.0004721356348752
3713,241,2025-03-01 16:17:04.912 +0000,2025-03-08 16:17:04.918 +0000,0.01345838389130012
3749,419,2025-03-02 21:40:29.552 +0000,2025-03-09 21:40:29.558 +0000,0.00718379829033437
3749,419,2025-03-02 21:40:29.552 +0000,2025-03-09 21:40:29.558 +0000,0.00718379829033437
3739,3709,2025-03-02 22:32:42.683 +0000,2025-03-09 22:32:42.688 +0000,0.16666667
3739,3709,2025-03-02 22:32:42.683 +0000,2025-03-09 22:32:42.688 +0000,0.16666667
3751,2175,2025-03-02 23:04:44.249 +0000,2025-03-09 23:04:44.254 +0000,0.16666667
3751,2175,2025-03-02 23:04:44.249 +0000,2025-03-09 23:04:44.254 +0000,0.2
2209,2466,2025-02-25 13:00:21.997 +0000,2025-03-10 21:42:30.732 +0000,0.2
2209,1286,2025-02-25 13:00:21.969 +0000,2025-03-10 21:42:34.654 +0000,0.19999999999999996
3424,3504,2025-03-03 22:22:57.521 +0000,2025-03-10 22:22:57.527 +0000,0.13745795967355756
3424,3504,2025-03-03 22:22:57.521 +0000,2025-03-10 22:22:57.527 +0000,0.1374579596735575
3747,2457,2025-03-03 22:34:12.981 +0000,2025-03-10 22:34:12.987 +0000,0.2
3747,2457,2025-03-03 22:34:12.981 +0000,2025-03-10 22:34:12.987 +0000,0.2
260,3661,2025-03-03 23:23:24.418 +0000,2025-03-10 23:23:24.423 +0000,0.2
260,1451,2025-03-03 23:23:47.108 +0000,2025-03-10 23:23:47.113 +0000,0.2
3006,3747,2025-03-03 23:30:41.578 +0000,2025-03-10 23:30:41.583 +0000,0.2
2718,3134,2025-03-03 23:54:26.540 +0000,2025-03-10 23:54:26.546 +0000,0.19968209635675868
3835,277,2025-03-04 21:04:17.426 +0000,2025-03-11 21:04:17.431 +0000,0.1322594517799753
3835,277,2025-03-04 21:04:17.426 +0000,2025-03-11 21:04:17.431 +0000,0.11218966469358221
260,2038,2025-02-27 14:40:28.698 +0000,2025-03-06 14:40:28.703 +0000,0.2
3656,3014,2025-02-28 21:25:38.513 +0000,2025-03-07 21:25:38.520 +0000,0.14855401669563023
3699,3100,2025-02-28 22:12:23.504 +0000,2025-03-07 22:12:23.509 +0000,0.1926412298148155
3687,3523,2025-03-01 00:27:18.148 +0000,2025-03-08 00:27:18.155 +0000,0.16666667
3713,3146,2025-03-01 16:19:15.450 +0000,2025-03-08 16:19:15.456 +0000,0.1271229051235872
3713,3146,2025-03-01 16:19:15.450 +0000,2025-03-08 16:19:15.456 +0000,0.1271229051235872
3713,3703,2025-03-01 16:20:48.869 +0000,2025-03-08 16:20:48.875 +0000,0.04692907271543604
3747,388,2025-03-02 21:23:02.069 +0000,2025-03-09 21:25:13.824 +0000,0.2
3747,3460,2025-03-02 21:28:49.855 +0000,2025-03-09 21:28:49.861 +0000,0.16666667
3749,3201,2025-03-02 21:37:10.173 +0000,2025-03-09 21:37:10.178 +0000,0.19999999999999996
3749,3201,2025-03-02 21:37:10.173 +0000,2025-03-09 21:37:10.178 +0000,0.19999999999999996
3739,735,2025-03-02 22:32:38.712 +0000,2025-03-09 22:32:38.717 +0000,0.2
3747,3016,2025-03-03 22:42:41.544 +0000,2025-03-10 22:42:41.548 +0000,0.16666667
3833,468,2025-03-04 14:26:22.317 +0000,2025-03-11 14:26:22.321 +0000,0.1952112600480076
3743,3655,2025-03-04 20:34:02.156 +0000,2025-03-11 20:34:02.161 +0000,0.0015499587287707913
3835,2617,2025-03-04 21:04:04.838 +0000,2025-03-11 21:04:04.843 +0000,0.08778808360205284
3835,2617,2025-03-04 21:04:04.838 +0000,2025-03-11 21:04:04.843 +0000,0.07315673779817877
3835,3047,2025-03-04 21:04:42.620 +0000,2025-03-11 21:04:42.624 +0000,0.19893054551340633
3835,3047,2025-03-04 21:04:42.620 +0000,2025-03-11 21:04:42.624 +0000,0.1657754579100143
277,481,2025-03-04 21:24:12.137 +0000,2025-03-11 21:24:12.143 +0000,0.20000000000000007
277,481,2025-03-04 21:24:12.137 +0000,2025-03-11 21:24:12.143 +0000,0.20000000000000007
3692,2457,2025-03-01 13:07:38.712 +0000,2025-03-08 13:07:38.716 +0000,0.058657189668979565
3692,3523,2025-03-01 13:09:46.464 +0000,2025-03-08 13:09:46.471 +0000,0.03880439055658186
3692,1325,2025-03-01 13:10:29.705 +0000,2025-03-08 13:10:29.710 +0000,0.0912800726825878
3709,3523,2025-03-01 14:33:45.907 +0000,2025-03-08 14:33:45.913 +0000,0.12639656902532176
3709,3523,2025-03-01 14:33:45.907 +0000,2025-03-08 14:33:45.913 +0000,0.12639656902532176
3713,2521,2025-03-01 16:17:07.090 +0000,2025-03-08 16:17:07.096 +0000,0.05132238138617504
3693,1325,2025-03-01 22:08:16.994 +0000,2025-03-08 22:08:16.998 +0000,0.032996157687269774
3749,927,2025-03-02 21:37:11.240 +0000,2025-03-09 21:37:11.246 +0000,0.19999999999999996
3751,2692,2025-03-02 23:05:25.460 +0000,2025-03-09 23:05:25.465 +0000,0.003234494380396878
3751,2692,2025-03-02 23:05:25.460 +0000,2025-03-09 23:05:25.465 +0000,0.003881393178848391
3747,3508,2025-03-03 22:40:42.022 +0000,2025-03-10 22:40:42.027 +0000,0.16666667
260,1027,2025-03-03 23:22:24.702 +0000,2025-03-10 23:22:24.707 +0000,0.14354586114031873
260,3695,2025-03-03 23:23:54.136 +0000,2025-03-10 23:23:54.141 +0000,0.19950259271436774
260,3695,2025-03-03 23:23:54.136 +0000,2025-03-10 23:23:54.141 +0000,0.16625216392034964
1330,3564,2025-03-05 03:24:23.632 +0000,2025-03-12 03:24:23.637 +0000,0.19692619701224345
260,2878,2025-03-03 23:23:16.061 +0000,2025-03-10 23:23:16.066 +0000,0.1947470996539931
260,2878,2025-03-03 23:23:16.061 +0000,2025-03-10 23:23:16.066 +0000,0.19474709965399314
260,1163,2025-03-03 23:24:00.306 +0000,2025-03-10 23:24:00.313 +0000,0.10960592282661004
3816,3584,2025-03-03 23:36:57.393 +0000,2025-03-10 23:36:57.398 +0000,0.16666666999999996
3816,3117,2025-03-03 23:37:39.729 +0000,2025-03-10 23:37:39.735 +0000,0.2
3816,3117,2025-03-03 23:37:39.729 +0000,2025-03-10 23:37:39.735 +0000,0.2
1330,2625,2025-03-05 03:24:20.693 +0000,2025-03-12 03:24:20.698 +0000,0.2
1330,2625,2025-03-05 03:24:20.693 +0000,2025-03-12 03:24:20.698 +0000,0.2
3650,2469,2025-02-27 12:03:41.624 +0000,2025-03-06 12:03:41.629 +0000,0.01206985192064997
3055,3184,2025-02-27 14:42:19.178 +0000,2025-03-06 14:42:19.187 +0000,0.14408334127924805
3661,3602,2025-02-27 15:28:04.130 +0000,2025-03-06 15:28:04.134 +0000,0.16666667
3661,2457,2025-02-27 15:31:08.435 +0000,2025-03-06 15:31:08.440 +0000,0.16101772400614758
3661,2457,2025-02-27 15:31:08.435 +0000,2025-03-06 15:31:08.440 +0000,0.16101772400614758
3661,3628,2025-02-27 15:32:02.422 +0000,2025-03-06 15:32:02.427 +0000,0.08527860653562734
3038,816,2025-02-27 18:16:07.111 +0000,2025-03-06 18:16:07.117 +0000,0.2000000000000001
3661,1526,2025-02-27 15:32:18.641 +0000,2025-03-06 20:33:23.771 +0000,0.2
3661,1526,2025-02-27 15:32:18.641 +0000,2025-03-06 20:33:23.771 +0000,0.2
3661,3508,2025-02-27 20:33:28.723 +0000,2025-03-06 20:33:28.728 +0000,0.16666667
1330,1163,2025-03-05 03:24:22.242 +0000,2025-03-12 03:24:22.248 +0000,0.1110110877119806
1330,1163,2025-03-05 03:24:22.242 +0000,2025-03-12 03:24:22.248 +0000,0.1110110877119806
1451,3642,2025-03-05 10:28:58.454 +0000,2025-03-12 10:28:58.458 +0000,0.13734145599082032
1451,3642,2025-03-05 10:28:58.454 +0000,2025-03-12 10:28:58.458 +0000,0.16480974389278952
3661,2714,2025-02-27 15:31:31.105 +0000,2025-03-06 15:31:31.110 +0000,0.2
3661,2749,2025-02-27 20:33:42.947 +0000,2025-03-06 20:33:46.500 +0000,0.06863940194075882
3665,3007,2025-02-27 22:49:57.738 +0000,2025-03-06 22:49:57.743 +0000,0.06410658744443419
3665,2749,2025-02-27 22:50:56.913 +0000,2025-03-06 22:50:56.917 +0000,0.0005142063291799
1330,3146,2025-03-05 03:24:38.184 +0000,2025-03-12 03:24:38.190 +0000,0.18528454904291364
1330,3146,2025-03-05 03:24:38.184 +0000,2025-03-12 03:24:38.190 +0000,0.18528454904291364
1330,3146,2025-03-05 03:24:38.184 +0000,2025-03-12 03:24:38.190 +0000,0.18528454904291364
1330,3146,2025-03-05 03:24:38.184 +0000,2025-03-12 03:24:38.190 +0000,0.18528454904291364
1451,1330,2025-03-05 10:28:04.214 +0000,2025-03-12 10:28:04.220 +0000,0.2
1451,1330,2025-03-05 10:28:04.214 +0000,2025-03-12 10:28:04.220 +0000,0.2
3204,1526,2025-03-05 11:16:06.984 +0000,2025-03-12 11:16:06.988 +0000,0.20000000000000007
3204,1526,2025-03-05 11:16:06.984 +0000,2025-03-12 11:16:06.988 +0000,0.20000000000000007
1451,352,2025-03-05 12:05:51.200 +0000,2025-03-12 12:07:54.533 +0000,0.2
1451,352,2025-03-05 12:05:51.200 +0000,2025-03-12 12:07:54.533 +0000,0.2
3055,1526,2025-02-27 14:42:26.654 +0000,2025-03-06 14:42:26.660 +0000,0.14446128310889025
3055,1526,2025-02-27 14:42:26.654 +0000,2025-03-06 14:42:26.660 +0000,0.14446128310889025
260,2175,2025-02-27 14:49:47.815 +0000,2025-03-06 14:49:47.820 +0000,0.2000000000000001
260,2692,2025-02-27 14:50:15.020 +0000,2025-03-06 14:50:15.024 +0000,0.10374990672521532
3661,2878,2025-02-27 15:28:28.549 +0000,2025-03-06 15:28:28.553 +0000,0.2
3661,2878,2025-02-27 15:28:28.549 +0000,2025-03-06 15:28:28.553 +0000,0.2
3661,3642,2025-02-27 15:30:55.985 +0000,2025-03-06 15:30:55.990 +0000,0.14460731282837136
3661,3523,2025-02-27 15:32:06.741 +0000,2025-03-06 15:32:06.749 +0000,0.16666667
3661,3523,2025-02-27 15:32:06.741 +0000,2025-03-06 15:32:06.749 +0000,0.16666667
1330,3085,2025-03-05 03:24:39.874 +0000,2025-03-12 03:24:39.878 +0000,0.2
1330,3085,2025-03-05 03:24:39.874 +0000,2025-03-12 03:24:39.878 +0000,0.2
2001,1265,2025-02-27 17:58:18.078 +0000,2025-03-06 17:58:23.967 +0000,0.199596337262759
3038,970,2025-02-27 18:16:08.285 +0000,2025-03-06 18:16:08.289 +0000,0.2000000000000001
3038,970,2025-02-27 18:16:08.285 +0000,2025-03-06 18:16:08.289 +0000,0.2000000000000001
1330,3594,2025-03-05 03:24:46.669 +0000,2025-03-12 03:24:46.674 +0000,0.19999999999999998
1451,3692,2025-03-05 10:12:43.935 +0000,2025-03-12 10:12:43.941 +0000,0.12469927286942413
1451,2963,2025-03-05 10:26:34.300 +0000,2025-03-12 10:26:34.306 +0000,0.2
1451,2963,2025-03-05 10:26:34.300 +0000,2025-03-12 10:26:34.306 +0000,0.2
1603,970,2025-03-05 12:01:07.193 +0000,2025-03-12 12:01:07.198 +0000,0.20000000000000015
1603,970,2025-03-05 12:01:07.193 +0000,2025-03-12 12:01:07.198 +0000,0.20000000000000015
1451,2375,2025-03-05 12:04:38.949 +0000,2025-03-12 12:04:38.954 +0000,0.19022268345823667
1451,2375,2025-03-05 12:04:38.949 +0000,2025-03-12 12:04:38.954 +0000,0.19022268345823667
3661,1083,2025-02-27 15:31:16.694 +0000,2025-03-06 15:31:16.698 +0000,0.19248196508791637
3836,3350,2025-03-05 05:21:23.859 +0000,2025-03-12 05:21:23.863 +0000,0.16666667000000002
1330,3631,2025-03-05 03:24:52.365 +0000,2025-03-12 10:38:18.219 +0000,0.18069902866444568
1330,3631,2025-03-05 03:24:52.365 +0000,2025-03-12 10:38:18.219 +0000,0.15058252689868848
3661,1451,2025-02-27 15:28:42.637 +0000,2025-03-06 15:28:42.642 +0000,0.16733818924132357
3661,1451,2025-02-27 15:28:42.637 +0000,2025-03-06 15:28:42.642 +0000,0.16733818924132357
3660,2692,2025-02-27 15:36:27.738 +0000,2025-03-06 15:36:27.742 +0000,0.14315551721216535
3661,3506,2025-02-27 20:33:27.323 +0000,2025-03-06 20:33:27.331 +0000,0.034299393649493595
260,3311,2025-02-27 14:50:44.097 +0000,2025-03-06 14:50:44.102 +0000,0.0037213046909626677
3661,3539,2025-02-27 15:28:45.337 +0000,2025-03-06 15:28:47.583 +0000,0.16666667
3661,735,2025-02-27 15:30:58.761 +0000,2025-03-06 15:31:19.716 +0000,0.16294454830865215
3660,970,2025-02-27 15:36:30.004 +0000,2025-03-06 15:36:30.011 +0000,0.2000000000000001
3660,1027,2025-02-27 15:43:10.204 +0000,2025-03-06 15:43:16.006 +0000,0.18949104765881786
3038,791,2025-02-27 18:15:42.203 +0000,2025-03-06 18:15:42.207 +0000,0.19402324589965278
3038,791,2025-02-27 18:15:42.203 +0000,2025-03-06 18:15:42.207 +0000,0.19402324589965278
3661,3621,2025-02-27 20:33:34.675 +0000,2025-03-06 20:33:34.680 +0000,0.16666667
1603,512,2025-03-05 12:01:55.010 +0000,2025-03-12 12:01:55.017 +0000,0.1866856271892401
3661,3184,2025-02-27 15:30:57.428 +0000,2025-03-06 15:30:57.435 +0000,0.2
3662,2175,2025-02-27 16:01:00.403 +0000,2025-03-06 16:01:31.115 +0000,0.2000000000000001
213,3523,2025-02-27 16:47:50.333 +0000,2025-03-06 16:47:50.338 +0000,0.11728092265769746
3038,3007,2025-02-27 18:16:15.202 +0000,2025-03-06 18:16:15.207 +0000,0.2000000000000001
1451,3695,2025-03-05 10:28:58.424 +0000,2025-03-12 10:28:58.431 +0000,0.2
1451,3695,2025-03-05 10:28:58.424 +0000,2025-03-12 10:28:58.431 +0000,0.2
3661,260,2025-02-27 15:31:40.721 +0000,2025-03-06 15:31:57.551 +0000,0.2
3661,2936,2025-02-27 15:32:09.678 +0000,2025-03-06 15:32:09.683 +0000,0.05608184171963462
3662,3311,2025-02-27 16:02:52.064 +0000,2025-03-06 16:03:11.458 +0000,0.007378417154401611
3661,2692,2025-02-27 21:59:34.868 +0000,2025-03-06 21:59:34.872 +0000,0.022824312408799494
3661,2692,2025-02-27 21:59:34.868 +0000,2025-03-06 21:59:34.872 +0000,0.022824312408799494
1451,3049,2025-03-05 12:02:09.960 +0000,2025-03-12 12:02:09.965 +0000,0.2
1451,3049,2025-03-05 12:02:09.960 +0000,2025-03-12 12:02:09.965 +0000,0.2
1451,2136,2025-03-05 12:05:07.708 +0000,2025-03-12 12:05:07.713 +0000,0.19520362579576667
1451,2136,2025-03-05 12:05:07.708 +0000,2025-03-12 12:05:07.713 +0000,0.19520362579576667
1451,2136,2025-03-05 12:05:07.708 +0000,2025-03-12 12:05:07.713 +0000,0.19520362579576658
1451,2136,2025-03-05 12:05:07.708 +0000,2025-03-12 12:05:07.713 +0000,0.19520362579576658
3296,2207,2025-02-24 20:25:34.894 +0000,2025-03-08 01:49:30.659 +0000,0.2
3661,2375,2025-02-27 15:30:54.487 +0000,2025-03-06 15:30:54.492 +0000,0.16152368775474701
3670,3014,2025-02-27 20:44:57.795 +0000,2025-03-06 20:45:06.779 +0000,0.19999999999999996
3670,3014,2025-02-27 20:44:57.795 +0000,2025-03-06 20:45:06.779 +0000,0.19999999999999996
3661,970,2025-02-27 20:34:05.620 +0000,2025-03-06 21:59:28.781 +0000,0.2
3661,970,2025-02-27 20:34:05.620 +0000,2025-03-06 21:59:28.781 +0000,0.2
1451,601,2025-03-05 10:25:49.610 +0000,2025-03-12 10:25:49.615 +0000,0.2
1451,601,2025-03-05 10:25:49.610 +0000,2025-03-12 10:25:49.615 +0000,0.2
1451,601,2025-03-05 10:25:49.610 +0000,2025-03-12 10:25:49.615 +0000,0.2
1451,601,2025-03-05 10:25:49.610 +0000,2025-03-12 10:25:49.615 +0000,0.2
1451,2878,2025-03-05 10:28:29.801 +0000,2025-03-12 10:28:29.807 +0000,0.2
1451,2878,2025-03-05 10:28:29.801 +0000,2025-03-12 10:28:29.807 +0000,0.2
1451,2878,2025-03-05 10:28:29.801 +0000,2025-03-12 10:28:29.807 +0000,0.2
1451,2878,2025-03-05 10:28:29.801 +0000,2025-03-12 10:28:29.807 +0000,0.2
2502,512,2025-02-24 17:23:43.880 +0000,2025-03-08 00:06:11.477 +0000,0.14292391997321763
3296,2704,2025-02-24 20:25:34.883 +0000,2025-03-08 01:49:42.692 +0000,0.2
3038,2456,2025-02-27 18:16:01.297 +0000,2025-03-06 18:16:01.303 +0000,0.2
213,2136,2025-02-27 16:49:45.302 +0000,2025-03-07 04:45:40.918 +0000,0.151198243097872
1451,3539,2025-03-05 10:27:53.350 +0000,2025-03-12 10:27:53.356 +0000,0.2
1451,3539,2025-03-05 10:27:53.350 +0000,2025-03-12 10:27:53.356 +0000,0.16666667
1451,3683,2025-03-05 12:02:41.414 +0000,2025-03-12 12:02:41.420 +0000,0.2
213,2878,2025-02-27 15:00:52.159 +0000,2025-03-06 15:00:52.164 +0000,0.15983429939898272
3661,213,2025-02-27 15:28:15.497 +0000,2025-03-06 15:28:15.503 +0000,0.2
3661,352,2025-02-27 15:28:35.369 +0000,2025-03-06 15:28:35.375 +0000,0.2
3661,2136,2025-02-27 15:31:21.718 +0000,2025-03-06 15:31:21.723 +0000,0.1978942605873529
3661,2136,2025-02-27 15:31:21.718 +0000,2025-03-06 15:31:21.723 +0000,0.1978942605873529
3661,2371,2025-02-27 15:32:01.080 +0000,2025-03-06 15:32:01.085 +0000,0.2
1451,1083,2025-03-05 10:28:24.087 +0000,2025-03-12 10:28:24.091 +0000,0.2
1451,1083,2025-03-05 10:28:24.087 +0000,2025-03-12 10:28:24.091 +0000,0.2
1451,1080,2025-03-05 10:29:30.994 +0000,2025-03-12 12:01:11.673 +0000,0.1999797567948186
1451,1080,2025-03-05 10:29:30.994 +0000,2025-03-12 12:01:11.673 +0000,0.1999797567948186
1451,1080,2025-03-05 10:29:30.994 +0000,2025-03-12 12:01:11.673 +0000,0.1999797567948187
1451,1080,2025-03-05 10:29:30.994 +0000,2025-03-12 12:01:11.673 +0000,0.1999797567948187
3661,1080,2025-02-27 15:31:11.336 +0000,2025-03-06 15:31:11.342 +0000,0.19841616203437365
3661,1080,2025-02-27 15:31:11.336 +0000,2025-03-06 15:31:11.342 +0000,0.19841616203437365
3661,553,2025-02-27 15:32:04.434 +0000,2025-03-06 15:32:04.441 +0000,0.1911824321352113
1451,2457,2025-03-05 10:28:42.357 +0000,2025-03-12 10:28:42.362 +0000,0.18577815698534997
1451,2457,2025-03-05 10:28:42.357 +0000,2025-03-12 10:28:42.362 +0000,0.18577815698534997
1451,2457,2025-03-05 10:28:42.357 +0000,2025-03-12 10:28:42.362 +0000,0.18577815698535002
1451,2457,2025-03-05 10:28:42.357 +0000,2025-03-12 10:28:42.362 +0000,0.18577815698535002
1732,1027,2025-03-05 12:12:10.020 +0000,2025-03-12 12:13:11.602 +0000,0.1470799146218381
3661,2963,2025-02-27 15:31:18.230 +0000,2025-03-06 15:31:18.235 +0000,0.2
3661,3049,2025-02-27 15:32:08.207 +0000,2025-03-06 15:32:08.212 +0000,0.2
3662,2692,2025-02-27 16:00:56.215 +0000,2025-03-06 16:02:18.378 +0000,0.0843271257142121
3661,2218,2025-02-27 20:34:04.419 +0000,2025-03-06 20:34:04.424 +0000,0.04115927155620688
2776,464,2025-02-27 15:48:23.821 +0000,2025-03-06 15:48:23.826 +0000,0.2
3661,2175,2025-02-27 20:33:37.590 +0000,2025-03-06 20:33:37.595 +0000,0.05608184171963462
3661,2175,2025-02-27 20:33:37.590 +0000,2025-03-06 20:33:37.595 +0000,0.05608184171963462
2001,1670,2025-02-27 22:42:23.923 +0000,2025-03-06 22:42:23.928 +0000,0.19991386591547658
1451,3709,2025-03-05 12:01:47.023 +0000,2025-03-12 12:01:47.028 +0000,0.1937660437359389
1451,3709,2025-03-05 12:01:47.023 +0000,2025-03-12 12:01:47.028 +0000,0.1937660437359389
1451,3709,2025-03-05 12:01:47.023 +0000,2025-03-12 12:01:47.028 +0000,0.16147170634271643
1451,3709,2025-03-05 12:01:47.023 +0000,2025-03-12 12:01:47.028 +0000,0.16147170634271643
1451,1163,2025-03-05 12:04:09.701 +0000,2025-03-12 12:04:09.707 +0000,0.17652362571920696
1451,1163,2025-03-05 12:04:09.701 +0000,2025-03-12 12:04:09.707 +0000,0.17652362571920696
1451,3661,2025-03-05 12:01:41.437 +0000,2025-03-12 12:01:41.442 +0000,0.16733818924132357
1451,3661,2025-03-05 12:01:41.437 +0000,2025-03-12 12:01:41.442 +0000,0.16733818924132357
1451,2300,2025-03-05 12:03:51.695 +0000,2025-03-12 12:03:51.700 +0000,0.18036618925337988
1451,2300,2025-03-05 12:03:51.695 +0000,2025-03-12 12:03:51.700 +0000,0.18036618925337988
3038,1027,2025-02-27 18:15:59.786 +0000,2025-03-06 18:15:59.793 +0000,0.2000000000000001
3038,1027,2025-02-27 18:15:59.786 +0000,2025-03-06 18:15:59.793 +0000,0.2000000000000001
2963,2457,2025-02-23 13:05:14.932 +0000,2025-03-12 14:06:09.240 +0000,0.20000000000000007
2040,417,2025-02-28 01:38:27.321 +0000,2025-03-07 01:38:33.786 +0000,0.05565187832196431
3055,751,2025-02-28 02:01:39.189 +0000,2025-03-07 02:01:39.194 +0000,0.20000000000000007
3055,2171,2025-02-28 02:02:41.292 +0000,2025-03-07 02:02:41.301 +0000,0.12588684936685673
1526,2952,2025-02-28 06:45:41.688 +0000,2025-03-07 06:45:41.693 +0000,0.20000000000000007
1526,2530,2025-02-28 06:43:59.450 +0000,2025-03-07 06:43:59.454 +0000,0.2
3055,553,2025-02-28 01:56:41.210 +0000,2025-03-07 01:56:41.216 +0000,0.1366901272162843
1526,1475,2025-02-28 06:44:35.948 +0000,2025-03-07 06:45:01.593 +0000,0.19999999999999996
1526,551,2025-02-28 06:45:57.048 +0000,2025-03-07 06:45:57.056 +0000,0.19992951951356366
3676,2211,2025-02-28 09:47:06.848 +0000,2025-03-07 09:47:06.853 +0000,0.19568785881288553
3676,2211,2025-02-28 09:47:06.848 +0000,2025-03-07 09:47:06.853 +0000,0.19568785881288553
3676,2941,2025-02-28 09:54:26.090 +0000,2025-03-07 09:54:26.095 +0000,0.17625252029779126
3683,1451,2025-02-28 10:48:28.946 +0000,2025-03-07 10:48:28.951 +0000,0.2
1526,606,2025-02-28 06:45:55.228 +0000,2025-03-07 06:45:55.232 +0000,0.1999176445495586
1526,3184,2025-02-28 06:46:10.779 +0000,2025-03-07 06:46:11.735 +0000,0.1987303044772955
1526,592,2025-02-28 06:43:34.489 +0000,2025-03-07 06:43:34.493 +0000,0.19999999999999996
1526,3594,2025-02-28 06:45:43.178 +0000,2025-03-07 06:45:43.182 +0000,0.16666666999999996
1232,1531,2025-02-24 14:55:30.762 +0000,2025-03-09 13:01:15.814 +0000,0.1999999999999999
1232,1531,2025-02-24 14:55:30.762 +0000,2025-03-09 13:01:15.814 +0000,0.1999999999999999
1526,3517,2025-02-28 06:42:59.008 +0000,2025-03-07 06:42:59.012 +0000,0.16666667
1526,2007,2025-02-28 06:46:02.088 +0000,2025-03-07 06:46:02.093 +0000,0.1974199732546405
3676,1079,2025-02-28 09:54:14.174 +0000,2025-03-07 09:54:14.179 +0000,0.14762973414517308
883,1265,2025-02-23 23:40:09.333 +0000,2025-03-07 07:37:59.626 +0000,0.16913039468712013
3676,3204,2025-02-28 09:54:27.461 +0000,2025-03-07 09:54:27.466 +0000,0.13989856274351956
5,1223,2025-02-28 11:48:13.986 +0000,2025-03-07 11:48:13.991 +0000,0.15471530831760874
3682,2457,2025-02-28 10:46:45.222 +0000,2025-03-07 13:36:30.555 +0000,0.1421806183721164
2347,481,2025-02-28 01:32:53.317 +0000,2025-03-07 01:33:58.419 +0000,0.01066540488204101
2040,1462,2025-02-28 01:38:13.205 +0000,2025-03-07 01:38:13.212 +0000,0.20000000000000007
3678,970,2025-02-28 04:57:50.021 +0000,2025-03-07 04:58:00.223 +0000,0.2
3508,1283,2025-02-23 16:33:39.013 +0000,2025-03-08 23:04:30.514 +0000,0.19999999999999996
3055,1328,2025-02-28 02:01:52.197 +0000,2025-03-07 02:01:52.201 +0000,0.19999999999999996
3055,1328,2025-02-28 02:01:52.197 +0000,2025-03-07 02:01:52.201 +0000,0.19999999999999996
1526,1201,2025-02-28 06:45:08.668 +0000,2025-03-07 06:45:08.673 +0000,0.20000000000000015
3055,2956,2025-02-28 01:56:55.203 +0000,2025-03-07 01:56:55.207 +0000,0.20000000000000007
3055,1490,2025-02-28 01:56:35.374 +0000,2025-03-07 01:56:35.379 +0000,0.2
3055,2656,2025-02-28 02:02:19.021 +0000,2025-03-07 02:02:19.026 +0000,0.1417127315209775
3678,2878,2025-02-28 04:57:29.048 +0000,2025-03-07 04:57:29.054 +0000,0.1894839348919377
1526,868,2025-02-28 06:45:07.269 +0000,2025-03-07 06:45:07.273 +0000,0.2000000000000001
1526,868,2025-02-28 06:45:07.269 +0000,2025-03-07 06:45:07.273 +0000,0.2000000000000001
3055,2936,2025-02-28 01:56:48.405 +0000,2025-03-07 01:56:48.411 +0000,0.2000000000000001
1526,1340,2025-02-28 06:44:06.468 +0000,2025-03-07 06:44:06.473 +0000,0.2
3682,3384,2025-02-28 10:30:55.566 +0000,2025-03-07 10:30:55.570 +0000,0.0028787809651391588
3683,1080,2025-02-28 10:47:36.955 +0000,2025-03-07 10:47:36.960 +0000,0.19183368428294836
3682,2878,2025-02-28 10:47:03.708 +0000,2025-03-07 13:36:34.407 +0000,0.19999999999999996
3682,1526,2025-02-28 10:46:59.022 +0000,2025-03-07 13:36:32.467 +0000,0.19999999999999996
3523,3508,2025-02-23 19:55:56.289 +0000,2025-03-09 13:00:33.310 +0000,0.1336518400736817
1526,1204,2025-02-28 06:44:19.528 +0000,2025-03-07 06:44:19.533 +0000,0.1991028279236874
3678,3523,2025-02-28 04:57:43.146 +0000,2025-03-07 04:57:43.153 +0000,0.16666667
1526,2288,2025-02-28 06:43:18.699 +0000,2025-03-07 06:43:18.704 +0000,0.15476780321899844
1526,3508,2025-02-28 06:43:48.108 +0000,2025-03-07 06:43:48.112 +0000,0.16666666999999996
1526,1325,2025-02-28 06:45:23.428 +0000,2025-03-07 06:45:37.393 +0000,0.19999999999999996
1526,1325,2025-02-28 06:45:23.428 +0000,2025-03-07 06:45:37.393 +0000,0.19999999999999996
1526,36,2025-02-28 06:45:10.148 +0000,2025-03-07 06:45:10.153 +0000,0.19999999999999998
3676,3007,2025-02-28 09:51:53.867 +0000,2025-03-07 09:51:55.991 +0000,0.20000000000000015
3681,3579,2025-02-28 10:10:26.573 +0000,2025-03-07 10:10:26.578 +0000,0.16666666999999993
3682,1080,2025-02-28 10:46:43.822 +0000,2025-03-07 13:36:29.493 +0000,0.1628331659813793
3683,2878,2025-02-28 10:48:13.950 +0000,2025-03-07 10:48:13.955 +0000,0.2000000000000001
3350,3304,2025-02-21 21:32:50.588 +0000,2025-03-07 13:02:23.524 +0000,0.00052147274099
