"id","profile_id_1","profile_id_2","created_at","location_score"
15479,2067,1585,2025-02-21 06:08:38.250 +0000,0.2000000000000001
15502,3283,1855,2025-02-21 08:12:28.538 +0000,0.2
15622,1506,791,2025-02-21 17:00:09.057 +0000,0.20000000000000007
15478,2067,1075,2025-02-21 06:08:21.306 +0000,0.2000000000000001
15501,3283,2134,2025-02-21 08:11:41.915 +0000,0.03972297908718242
15613,1506,970,2025-02-21 16:59:11.689 +0000,0.14034499051767532
15472,2067,1906,2025-02-21 06:07:12.502 +0000,0.2
15586,3296,1234,2025-02-21 13:52:24.549 +0000,0.2
15574,2067,2566,2025-02-21 13:29:09.073 +0000,0.19849531995664593
15628,1330,816,2025-02-21 17:25:55.924 +0000,0.1560122940909812
15704,3369,50,2025-02-21 23:49:37.623 +0000,0.1324433454693932
15583,3296,1530,2025-02-21 13:52:05.078 +0000,0.1999602558764514
15663,3006,1077,2025-02-21 19:25:58.413 +0000,0.1300810091423583
15476,2067,1027,2025-02-21 06:07:59.583 +0000,0.19780376449801018
15645,1526,228,2025-02-21 17:48:35.178 +0000,0.18315617687389157
15645,1526,228,2025-02-21 17:48:35.178 +0000,0.18315617687389157
15564,2067,2654,2025-02-21 13:28:25.791 +0000,0.19999999999999996
15475,2067,970,2025-02-21 06:07:24.749 +0000,0.18681917876521076
15539,213,3066,2025-02-21 11:55:50.001 +0000,0.19221064615499958
15654,3315,1590,2025-02-21 17:51:26.315 +0000,0.0005196999109185
15523,3315,1027,2025-02-21 09:32:16.398 +0000,0.1996372105629649
15497,3283,2430,2025-02-21 08:11:12.871 +0000,0.2
15489,2067,1590,2025-02-21 06:09:23.393 +0000,0.2
15530,3315,1585,2025-02-21 10:46:05.811 +0000,0.0988649990773898
15531,3315,2211,2025-02-21 10:47:30.652 +0000,0.2
15656,3006,713,2025-02-21 18:33:40.999 +0000,0.19999999999999996
15693,3361,1027,2025-02-21 22:28:11.800 +0000,0.2
15620,1506,1923,2025-02-21 17:00:01.698 +0000,0.10848656331360243
15563,2067,1042,2025-02-21 13:28:24.335 +0000,0.20000000000000007
15590,36,621,2025-02-21 14:28:26.478 +0000,0.19999999999999998
15633,3315,970,2025-02-21 17:41:54.522 +0000,0.20000000000000007
15743,3387,1585,2025-02-22 04:35:01.067 +0000,0.2000000000000001
15841,213,1056,2025-02-22 14:54:22.989 +0000,0.19999999999999987
15848,3424,2564,2025-02-22 15:59:40.444 +0000,0.17330846503585087
15848,3424,2564,2025-02-22 15:59:40.444 +0000,0.17330846503585087
15643,3315,1042,2025-02-21 17:48:22.625 +0000,0.05566720368721331
15677,3350,2551,2025-02-21 19:49:11.578 +0000,0.12840733805552962
15742,3387,1075,2025-02-22 04:34:58.822 +0000,0.2000000000000001
15650,1526,433,2025-02-21 17:50:29.210 +0000,0.19647312288043978
15682,2399,3284,2025-02-21 21:17:24.815 +0000,0.1666666700000001
15682,2399,3284,2025-02-21 21:17:24.815 +0000,0.1666666700000001
15885,2491,970,2025-02-22 19:51:00.343 +0000,0.14217653407033892
15885,2491,970,2025-02-22 19:51:00.343 +0000,0.14217653407033892
15729,3379,2521,2025-02-22 01:07:38.814 +0000,0.18481208169531124
15765,3387,2175,2025-02-22 04:38:35.957 +0000,0.2000000000000001
15748,3387,2654,2025-02-22 04:37:02.241 +0000,0.19999999999999996
15839,213,1448,2025-02-22 14:51:30.327 +0000,0.1813414338373254
15737,3387,1260,2025-02-22 04:33:30.430 +0000,0.19999999999999998
15884,2491,1180,2025-02-22 19:50:57.602 +0000,0.2
15937,2867,1027,2025-02-22 23:52:36.939 +0000,0.16377347164214467
15744,3387,135,2025-02-22 04:35:04.596 +0000,0.0000540559192695
15849,3424,2723,2025-02-22 15:59:52.774 +0000,0.18766238508404734
15849,3424,2723,2025-02-22 15:59:52.774 +0000,0.18766238508404734
15951,3488,484,2025-02-23 09:09:32.063 +0000,0.0016551413638355664
15787,3283,3350,2025-02-22 09:23:59.106 +0000,0.002370556372762839
16059,3525,1876,2025-02-23 20:19:20.032 +0000,0.1999602558764514
16110,2360,2425,2025-02-24 00:51:44.381 +0000,0.19999999999999996
16178,3552,453,2025-02-24 13:05:08.740 +0000,0.2
16304,2621,2175,2025-02-24 23:23:50.259 +0000,0.2000000000000001
16304,2621,2175,2025-02-24 23:23:50.259 +0000,0.2000000000000001
16407,2621,1169,2025-02-25 13:14:58.373 +0000,0.20000000000000007
15940,2793,2375,2025-02-23 00:42:06.661 +0000,0.2
15996,3502,1022,2025-02-23 13:52:21.988 +0000,0.17596068149733446
16034,3493,1079,2025-02-23 19:14:25.700 +0000,0.19915982696168252
16143,2710,3421,2025-02-24 13:02:26.065 +0000,0.16666667
16145,3552,2359,2025-02-24 13:02:31.213 +0000,0.19999999999999996
16158,3552,2175,2025-02-24 13:03:16.019 +0000,0.2000000000000001
16163,3552,1923,2025-02-24 13:04:15.548 +0000,0.19999999999999996
16384,3589,1032,2025-02-25 11:33:03.585 +0000,0.2
16384,3589,1032,2025-02-25 11:33:03.585 +0000,0.2
15905,3458,3392,2025-02-22 21:07:13.836 +0000,0.10046208450849398
16031,3493,2571,2025-02-23 19:13:15.700 +0000,0.2
16041,3523,1785,2025-02-23 19:51:04.935 +0000,0.13970665292594345
16041,3523,1785,2025-02-23 19:51:04.935 +0000,0.13970665292594345
16201,1232,1340,2025-02-24 14:53:34.193 +0000,0.02865283364055356
16201,1232,1340,2025-02-24 14:53:34.193 +0000,0.02865283364055356
16206,1232,3184,2025-02-24 14:54:25.152 +0000,0.1999999999999999
16207,1232,1201,2025-02-24 14:54:42.942 +0000,0.1776597875234328
15936,2867,1923,2025-02-22 23:52:27.738 +0000,0.19999999999999996
16012,3507,1574,2025-02-23 16:05:03.492 +0000,0.2
16037,3493,2941,2025-02-23 19:15:30.227 +0000,0.20000000000000007
16066,3525,1319,2025-02-23 20:23:09.834 +0000,0.2
16189,3552,3311,2025-02-24 13:06:17.938 +0000,0.010309785932044027
16296,2621,3187,2025-02-24 23:20:56.383 +0000,0.2
16301,2621,2980,2025-02-24 23:23:20.736 +0000,0.17206232853319536
16390,1034,3110,2025-02-25 13:00:20.931 +0000,0.2
15845,411,2342,2025-02-22 15:27:20.861 +0000,0.19999999999999996
15887,2491,1027,2025-02-22 19:51:06.830 +0000,0.2
15887,2491,1027,2025-02-22 19:51:06.830 +0000,0.2
15961,3494,3286,2025-02-23 11:39:07.315 +0000,0.16666667
16040,3523,2878,2025-02-23 19:50:38.323 +0000,0.14238106305283646
16040,3523,2878,2025-02-23 19:50:38.323 +0000,0.14238106305283646
16080,3525,1490,2025-02-23 20:27:16.252 +0000,0.1999602558764514
16088,3525,1482,2025-02-23 20:28:39.862 +0000,0.2
16089,3528,3327,2025-02-23 20:46:12.534 +0000,0.16666667000000007
16105,3536,1027,2025-02-24 00:14:13.583 +0000,0.14353462401358563
16105,3536,1027,2025-02-24 00:14:13.583 +0000,0.14353462401358563
16082,3525,1027,2025-02-23 20:27:29.436 +0000,0.2
16198,1232,551,2025-02-24 14:52:56.023 +0000,0.16990434112681163
16299,2621,2218,2025-02-24 23:22:57.007 +0000,0.19999999999999996
16132,3506,1877,2025-02-24 10:40:37.675 +0000,0.2
16164,3552,135,2025-02-24 13:04:17.629 +0000,0.2000000000000001
16046,3523,867,2025-02-23 19:52:52.704 +0000,0.2
16046,3523,867,2025-02-23 19:52:52.704 +0000,0.2
16093,3530,1027,2025-02-23 21:40:09.629 +0000,0.2
16125,3542,1468,2025-02-24 06:27:06.719 +0000,0.1856398779516405
16042,3523,1020,2025-02-23 19:51:29.345 +0000,0.19776897569419036
16042,3523,1020,2025-02-23 19:51:29.345 +0000,0.19776897569419036
16075,213,3508,2025-02-23 20:26:35.905 +0000,0.1465666730310745
16104,3536,2730,2025-02-24 00:13:54.305 +0000,0.19999999999999993
16104,3536,2730,2025-02-24 00:13:54.305 +0000,0.19999999999999993
16087,3525,3390,2025-02-23 20:28:34.755 +0000,0.16666667
16283,3296,3391,2025-02-24 20:26:11.807 +0000,0.16666667
16283,3296,3391,2025-02-24 20:26:11.807 +0000,0.16666667
16394,1034,3185,2025-02-25 13:00:30.659 +0000,0.19256722408221594
16078,3525,1265,2025-02-23 20:27:07.639 +0000,0.2
16216,3558,970,2025-02-24 15:17:29.961 +0000,0.142307470552674
16319,1080,2400,2025-02-25 00:28:17.319 +0000,0.1628331659813793
16319,1080,2400,2025-02-25 00:28:17.319 +0000,0.1628331659813793
16336,3558,2359,2025-02-25 04:20:46.328 +0000,0.19999999999999996
16360,3558,1258,2025-02-25 04:30:37.553 +0000,0.2000000000000001
16393,1034,352,2025-02-25 13:00:29.712 +0000,0.19256722408221594
16406,2621,1180,2025-02-25 13:14:47.813 +0000,0.19006319369012487
16408,2621,1027,2025-02-25 13:15:17.744 +0000,0.1550845026729629
16408,2621,1027,2025-02-25 13:15:17.744 +0000,0.1550845026729629
16006,3505,3201,2025-02-23 15:02:54.859 +0000,0.20000000000000007
16013,3507,2769,2025-02-23 16:05:41.965 +0000,0.20000000000000007
16032,3493,3294,2025-02-23 19:13:29.534 +0000,0.16666667
16032,3493,3294,2025-02-23 19:13:29.534 +0000,0.16666667
16300,2621,2692,2025-02-24 23:23:09.106 +0000,0.19944708725661947
16300,2621,2692,2025-02-24 23:23:09.106 +0000,0.19944708725661947
16405,2621,512,2025-02-25 13:14:38.175 +0000,0.12689423020299934
16405,2621,512,2025-02-25 13:14:38.175 +0000,0.12689423020299934
16109,2360,2521,2025-02-24 00:51:41.437 +0000,0.19999999999999996
16109,2360,2521,2025-02-24 00:51:41.437 +0000,0.19999999999999996
16146,3552,512,2025-02-24 13:02:32.948 +0000,0.1227986517345685
16209,1232,1283,2025-02-24 14:55:09.771 +0000,0.1999999999999999
16209,1232,1283,2025-02-24 14:55:09.771 +0000,0.1999999999999999
16303,2621,2690,2025-02-24 23:23:42.450 +0000,0.09618292518747809
16303,2621,2690,2025-02-24 23:23:42.450 +0000,0.09618292518747809
16333,3558,2654,2025-02-25 04:19:11.991 +0000,0.19999999999999996
16090,3528,927,2025-02-23 20:48:56.758 +0000,0.04582512974621108
16302,2621,713,2025-02-24 23:23:34.204 +0000,0.19999999999999996
16038,3523,487,2025-02-23 19:50:00.480 +0000,0.19999999999999993
16045,3523,1205,2025-02-23 19:52:17.666 +0000,0.20000000000000007
16065,3525,1325,2025-02-23 20:22:35.136 +0000,0.2
16166,3552,1258,2025-02-24 13:04:30.525 +0000,0.2000000000000001
16043,3523,966,2025-02-23 19:51:35.485 +0000,0.19999999999999996
16306,2621,2694,2025-02-24 23:24:33.513 +0000,0.11858669077715073
16306,2621,2694,2025-02-24 23:24:33.513 +0000,0.11858669077715073
16074,3525,1531,2025-02-23 20:26:34.841 +0000,0.2
16179,3552,2211,2025-02-24 13:05:14.049 +0000,0.2
16318,1080,1804,2025-02-25 00:26:50.256 +0000,0.19999999999999996
16331,3558,1923,2025-02-25 04:18:47.204 +0000,0.19999999999999996
16385,3591,2704,2025-02-25 12:00:51.768 +0000,0.19999999999999996
16409,3276,3523,2025-02-25 13:35:41.125 +0000,0.14168404463462392
16338,3558,135,2025-02-25 04:22:38.799 +0000,0.2000000000000001
16233,2067,3536,2025-02-24 15:45:04.361 +0000,0.1666666699999999
16265,3558,2692,2025-02-24 19:25:33.840 +0000,0.19999997795142843
16305,2621,2714,2025-02-24 23:24:09.846 +0000,0.13725128667279388
16334,3558,453,2025-02-25 04:19:40.262 +0000,0.2
16386,3591,2692,2025-02-25 12:01:01.776 +0000,0.015410353796107334
16386,3591,2692,2025-02-25 12:01:01.776 +0000,0.015410353796107334
16307,2621,3311,2025-02-24 23:24:59.175 +0000,0.0039487749248873
16307,2621,3311,2025-02-24 23:24:59.175 +0000,0.0039487749248873
16284,3296,2207,2025-02-24 20:26:37.357 +0000,0.2
16415,3055,213,2025-02-25 15:54:34.000 +0000,0.19242088308515837
16419,3387,3311,2025-02-25 15:56:16.045 +0000,0.010777351128655813
16430,3598,1580,2025-02-25 18:33:54.917 +0000,0.004323812678736397
16480,3621,713,2025-02-25 23:47:44.115 +0000,0.1162281119806991
16513,3629,2704,2025-02-26 09:25:38.007 +0000,0.0774301067646285
16433,3598,3155,2025-02-25 18:35:18.841 +0000,0.10228909946893855
16477,3361,2690,2025-02-25 22:59:24.800 +0000,0.11102653952225788
16611,3656,2086,2025-02-27 13:09:38.709 +0000,0.20000000000000007
16611,3656,2086,2025-02-27 13:09:38.709 +0000,0.20000000000000007
16580,3621,1621,2025-02-26 20:23:35.528 +0000,0.13133007886575068
16580,3621,1621,2025-02-26 20:23:35.528 +0000,0.13133007886575068
16595,3651,2233,2025-02-27 12:06:10.764 +0000,0.19999999999999998
16589,3640,3354,2025-02-26 20:56:00.187 +0000,0.16666332459690902
16589,3640,3354,2025-02-26 20:56:00.187 +0000,0.16666332459690902
16447,1506,512,2025-02-25 20:33:37.173 +0000,0.05190959018742543
16449,1506,2211,2025-02-25 20:33:42.783 +0000,0.2
16469,3361,2692,2025-02-25 22:58:42.917 +0000,0.003881393178848391
16534,3591,2941,2025-02-26 12:28:16.545 +0000,0.20000000000000007
16570,2154,468,2025-02-26 16:34:49.150 +0000,0.035919103994708296
16474,3361,2175,2025-02-25 22:59:19.036 +0000,0.2
16504,3624,2182,2025-02-26 01:59:20.297 +0000,0.1969850928986033
16610,3656,3007,2025-02-27 13:08:18.943 +0000,0.17071334597186974
16485,3599,2549,2025-02-25 23:51:23.175 +0000,0.18486425395398143
16485,3599,2549,2025-02-25 23:51:23.175 +0000,0.18486425395398143
16483,3621,2692,2025-02-25 23:48:44.949 +0000,0.12414478523168555
16483,3621,2692,2025-02-25 23:48:44.949 +0000,0.12414478523168555
16582,3621,1873,2025-02-26 20:23:44.539 +0000,0.18341691400229262
16582,3621,1873,2025-02-26 20:23:44.539 +0000,0.18341691400229262
16467,3361,2683,2025-02-25 22:58:38.276 +0000,0.031976905075951495
16579,3564,36,2025-02-26 20:13:41.718 +0000,0.19999999999999998
16621,1573,3311,2025-02-27 13:56:21.843 +0000,0.019780356974597582
16471,3361,2566,2025-02-25 22:58:45.854 +0000,0.2
16479,3621,2704,2025-02-25 23:46:37.139 +0000,0.19901455572604057
16618,1573,3621,2025-02-27 13:55:53.774 +0000,0.1600114790593416
16792,3692,1083,2025-03-01 13:07:35.227 +0000,0.0912800726825878
17047,3006,3747,2025-03-03 23:30:42.816 +0000,0.2
17047,3006,3747,2025-03-03 23:30:42.816 +0000,0.2
17055,1330,3220,2025-03-04 08:10:08.502 +0000,0.19999999999999996
17055,1330,3220,2025-03-04 08:10:08.502 +0000,0.19999999999999996
17106,3816,3047,2025-03-04 17:06:41.092 +0000,0.1992913811245596
17106,3816,3047,2025-03-04 17:06:41.092 +0000,0.1992913811245596
17106,3816,3047,2025-03-04 17:06:41.092 +0000,0.16607615425865602
17106,3816,3047,2025-03-04 17:06:41.092 +0000,0.16607615425865602
17129,3204,2975,2025-03-05 11:16:06.328 +0000,0.20000000000000007
17129,3204,2975,2025-03-05 11:16:06.328 +0000,0.20000000000000007
17156,3838,1034,2025-03-05 13:04:13.955 +0000,0.011755391394228314
16655,3038,3007,2025-02-27 18:16:14.274 +0000,0.2000000000000001
16781,3704,2692,2025-03-01 06:04:01.256 +0000,0.19999999999999996
16781,3704,2692,2025-03-01 06:04:01.256 +0000,0.19999999999999996
16798,3692,2171,2025-03-01 13:08:19.866 +0000,0.09040515684550791
16881,3693,3695,2025-03-01 22:09:28.967 +0000,0.166360544511104
16902,3731,241,2025-03-02 11:58:43.856 +0000,0.0044057163369198285
16904,3558,3460,2025-03-02 12:44:22.971 +0000,0.15042332356752613
16945,3735,1412,2025-03-02 17:55:30.759 +0000,0.1666646563492489
16631,3661,3602,2025-02-27 15:28:03.510 +0000,0.16666667
16695,1526,36,2025-02-28 06:45:19.557 +0000,0.19999999999999998
16695,1526,36,2025-02-28 06:45:19.557 +0000,0.19999999999999998
16806,3692,3523,2025-03-01 13:09:54.762 +0000,0.03880439055658186
16806,3692,3523,2025-03-01 13:09:54.762 +0000,0.03880439055658186
16819,3227,3518,2025-03-01 13:48:14.996 +0000,0.16666667
16842,3709,2941,2025-03-01 14:31:55.651 +0000,0.20000000000000007
16847,3079,1491,2025-03-01 15:00:20.903 +0000,0.14095883132513357
16954,3747,2714,2025-03-02 20:51:39.329 +0000,0.2
16995,3762,3294,2025-03-03 04:33:27.431 +0000,0.16666667
16995,3762,3294,2025-03-03 04:33:27.431 +0000,0.16666667
17037,3747,1083,2025-03-03 22:34:12.543 +0000,0.1316410693000993
17061,3821,538,2025-03-04 09:39:01.282 +0000,0.1505139309816906
17061,3821,538,2025-03-04 09:39:01.282 +0000,0.1505139309816906
17148,1108,3294,2025-03-05 13:01:10.276 +0000,0.11891901221012353
17148,1108,3294,2025-03-05 13:01:10.276 +0000,0.11891901221012353
17148,1108,3294,2025-03-05 13:01:10.276 +0000,0.09909917882375315
17148,1108,3294,2025-03-05 13:01:10.276 +0000,0.09909917882375315
17154,1108,3007,2025-03-05 13:01:34.154 +0000,0.118260167960742
17154,1108,3007,2025-03-05 13:01:34.154 +0000,0.11826016796074182
16633,2776,464,2025-02-27 15:48:23.440 +0000,0.2
16633,2776,464,2025-02-27 15:48:23.440 +0000,0.2
16641,3662,3049,2025-02-27 16:04:51.678 +0000,0.12369025782723747
16654,3038,1027,2025-02-27 18:15:59.132 +0000,0.2000000000000001
16654,3038,1027,2025-02-27 18:15:59.132 +0000,0.2000000000000001
16666,3661,2218,2025-02-27 20:34:01.961 +0000,0.04115927155620688
16699,3681,3597,2025-02-28 10:11:16.300 +0000,0.16627127503831923
16714,3692,66,2025-02-28 17:41:28.020 +0000,0.1996042463617443
16714,3692,66,2025-02-28 17:41:28.020 +0000,0.1996042463617443
16743,3692,1080,2025-02-28 19:15:13.907 +0000,0.07531717669993568
16743,3692,1080,2025-02-28 19:15:13.907 +0000,0.07531717669993568
16744,3692,3007,2025-02-28 19:19:04.732 +0000,0.15479712430432319
16777,3296,2704,2025-03-01 01:49:41.264 +0000,0.2
16852,3079,1882,2025-03-01 15:00:44.620 +0000,0.0000551181955436
16852,3079,1882,2025-03-01 15:00:44.620 +0000,0.0000551181955436
17058,1330,3311,2025-03-04 08:12:37.528 +0000,0.007089644072482915
17058,1330,3311,2025-03-04 08:12:37.528 +0000,0.007089644072482915
17059,3821,2728,2025-03-04 09:38:20.507 +0000,0.16666666999999996
17086,927,3749,2025-03-04 13:03:30.605 +0000,0.19999999999999996
17107,3816,902,2025-03-04 17:06:56.332 +0000,0.16666667000000002
17107,3816,902,2025-03-04 17:06:56.332 +0000,0.16666667000000002
17175,2020,3816,2025-03-05 15:28:02.362 +0000,0.2
17175,2020,3816,2025-03-05 15:28:02.362 +0000,0.2
17186,2020,3172,2025-03-05 15:35:23.128 +0000,0.2
17186,2020,3172,2025-03-05 15:35:23.128 +0000,0.2
16713,3692,27,2025-02-28 17:41:17.775 +0000,0.1996042463617443
16756,3656,522,2025-02-28 21:31:21.152 +0000,0.2
16756,3656,522,2025-02-28 21:31:21.152 +0000,0.2
16797,3692,3631,2025-03-01 13:08:15.438 +0000,0.004656118952767302
16890,2984,2211,2025-03-02 04:53:42.898 +0000,0.2
16908,2067,3460,2025-03-02 13:01:01.713 +0000,0.16346744859227358
16960,3747,3049,2025-03-02 21:29:04.420 +0000,0.2
16960,3747,3049,2025-03-02 21:29:04.420 +0000,0.2
17003,3764,352,2025-03-03 10:38:56.895 +0000,0.15111750233060697
17003,3764,352,2025-03-03 10:38:56.895 +0000,0.18134099916990828
17015,1526,519,2025-03-03 15:14:07.804 +0000,0.2
17015,1526,519,2025-03-03 15:14:07.804 +0000,0.2
17016,3749,3708,2025-03-03 15:17:09.078 +0000,0.13657710089176328
17050,3816,3777,2025-03-03 23:37:29.235 +0000,0.16666667
17050,3816,3777,2025-03-03 23:37:29.235 +0000,0.16666667
17077,3074,3539,2025-03-04 13:00:46.793 +0000,0.05407125487760422
17077,3074,3539,2025-03-04 13:00:46.793 +0000,0.04505937996585776
17112,3835,436,2025-03-04 21:04:42.056 +0000,0.16666667
17120,1451,1330,2025-03-05 10:28:21.655 +0000,0.2
17120,1451,1330,2025-03-05 10:28:21.655 +0000,0.2
17170,3079,277,2025-03-05 15:27:45.059 +0000,0.19565647469669736
17183,2020,3201,2025-03-05 15:33:23.332 +0000,0.2
17183,2020,3201,2025-03-05 15:33:23.332 +0000,0.2
17183,2020,3201,2025-03-05 15:33:23.332 +0000,0.2
17183,2020,3201,2025-03-05 15:33:23.332 +0000,0.2
16663,3067,3097,2025-02-27 18:23:23.668 +0000,0.2
16761,2621,1077,2025-02-28 22:59:43.995 +0000,0.2000000000000001
16775,3201,1871,2025-03-01 00:55:04.017 +0000,0.19999999999999987
16935,3735,3494,2025-03-02 16:46:47.705 +0000,0.15889796591585711
16955,3747,735,2025-03-02 20:54:59.452 +0000,0.2
16974,3749,3071,2025-03-02 21:39:08.094 +0000,0.18068624849037715
17068,3642,3220,2025-03-04 11:11:43.059 +0000,0.0973661539878497
17079,3074,3523,2025-03-04 13:00:48.843 +0000,0.15780752039387372
17079,3074,3523,2025-03-04 13:00:48.843 +0000,0.15780752039387372
17079,3074,3523,2025-03-04 13:00:48.843 +0000,0.1315062696250202
17079,3074,3523,2025-03-04 13:00:48.843 +0000,0.1315062696250202
17124,3204,3621,2025-03-05 11:15:33.325 +0000,0.19999475373029538
17150,1108,48,2025-03-05 13:01:18.932 +0000,0.2
17172,3079,3209,2025-03-05 15:27:50.546 +0000,0.05746540410114978
16636,3662,970,2025-02-27 15:59:58.066 +0000,0.19891934681568954
16729,2001,2784,2025-02-28 18:06:00.576 +0000,0.07314086062192272
17049,3006,2941,2025-03-03 23:30:48.531 +0000,0.17777417045291077
17049,3006,2941,2025-03-03 23:30:48.531 +0000,0.1777741704529108
17060,3821,260,2025-03-04 09:38:32.219 +0000,0.16657487903426596
17087,964,465,2025-03-04 13:07:16.345 +0000,0.19999999999999987
17087,964,465,2025-03-04 13:07:16.345 +0000,0.19999999999999987
17097,3833,3708,2025-03-04 14:25:05.721 +0000,0.15776809052683594
17105,3816,1412,2025-03-04 17:06:29.142 +0000,0.16666666999999996
17105,3816,1412,2025-03-04 17:06:29.142 +0000,0.16666666999999996
17116,3505,1028,2025-03-04 22:05:22.075 +0000,0.0427366181229698
17116,3505,1028,2025-03-04 22:05:22.075 +0000,0.03561384914808512
17184,3201,2020,2025-03-05 15:33:59.829 +0000,0.2
17184,3201,2020,2025-03-05 15:33:59.829 +0000,0.2
17184,3201,2020,2025-03-05 15:33:59.829 +0000,0.2
17184,3201,2020,2025-03-05 15:33:59.829 +0000,0.2
16637,3662,2692,2025-02-27 16:02:17.815 +0000,0.0843271257142121
16766,3558,3621,2025-02-28 23:29:27.973 +0000,0.16452006784359602
16799,3692,2692,2025-03-01 13:08:37.565 +0000,0.15339322539063538
16799,3692,2692,2025-03-01 13:08:37.565 +0000,0.15339322539063538
16863,3693,3523,2025-03-01 22:02:25.452 +0000,0.1666666700000002
16993,3762,2941,2025-03-03 04:25:34.816 +0000,0.20000000000000007
17027,3304,2874,2025-03-03 21:26:14.071 +0000,0.16666667000000002
17053,3315,3460,2025-03-04 05:25:27.356 +0000,0.16666667000000002
17181,2020,2892,2025-03-05 15:33:03.020 +0000,0.13525072907696598
17181,2020,2892,2025-03-05 15:33:03.020 +0000,0.13525072907696598
17181,2020,2892,2025-03-05 15:33:03.020 +0000,0.13525072907696598
17181,2020,2892,2025-03-05 15:33:03.020 +0000,0.13525072907696598
16709,2793,1201,2025-02-28 13:26:08.452 +0000,0.1986061817044957
16873,3693,3508,2025-03-01 22:06:08.973 +0000,0.024056707254969237
16934,3640,3734,2025-03-02 15:46:28.620 +0000,0.16666667
17031,3811,3465,2025-03-03 21:51:14.956 +0000,0.16093548318969914
17064,3821,2956,2025-03-04 09:40:19.205 +0000,0.16666667000000002
17109,3743,3655,2025-03-04 20:34:11.761 +0000,0.0015499587287707913
17114,3835,3071,2025-03-04 21:04:54.745 +0000,0.20000000000000007
17114,3835,3071,2025-03-04 21:04:54.745 +0000,0.16666667000000002
17118,1330,3564,2025-03-05 03:24:37.413 +0000,0.19692619701224345
17138,1451,3049,2025-03-05 12:02:37.661 +0000,0.2
17138,1451,3049,2025-03-05 12:02:37.661 +0000,0.2
17138,1451,3049,2025-03-05 12:02:37.661 +0000,0.2
17138,1451,3049,2025-03-05 12:02:37.661 +0000,0.2
17149,1108,3536,2025-03-05 13:01:13.608 +0000,0.19999999999999993
17149,1108,3536,2025-03-05 13:01:13.608 +0000,0.19999999999999993
17149,1108,3536,2025-03-05 13:01:13.608 +0000,0.1666666699999999
17149,1108,3536,2025-03-05 13:01:13.608 +0000,0.1666666699999999
17161,3079,2020,2025-03-05 15:26:42.926 +0000,0.2
17161,3079,2020,2025-03-05 15:26:42.926 +0000,0.2
17176,3079,1412,2025-03-05 15:28:03.823 +0000,0.19999999999999996
17176,3079,1412,2025-03-05 15:28:03.823 +0000,0.19999999999999996
16682,3665,2749,2025-02-27 22:50:39.826 +0000,0.0005142063291799
16821,3227,3583,2025-03-01 13:49:36.059 +0000,0.16666667
16853,3713,2521,2025-03-01 16:17:57.487 +0000,0.05132238138617504
16853,3713,2521,2025-03-01 16:17:57.487 +0000,0.05132238138617504
16865,3693,751,2025-03-01 22:04:18.099 +0000,0.021621301855457357
16888,2984,1906,2025-03-02 04:53:37.359 +0000,0.197825713112803
16950,3743,2521,2025-03-02 19:53:56.712 +0000,0.1364198870590882
16950,3743,2521,2025-03-02 19:53:56.712 +0000,0.1364198870590882
16956,3747,3539,2025-03-02 20:55:31.727 +0000,0.16666667
16958,3743,2360,2025-03-02 20:57:57.726 +0000,0.19999999999999996
16958,3743,2360,2025-03-02 20:57:57.726 +0000,0.19999999999999996
16994,3762,3656,2025-03-03 04:26:03.163 +0000,0.16400535599477167
16994,3762,3656,2025-03-03 04:26:03.163 +0000,0.16400535599477167
17005,3552,3460,2025-03-03 11:12:31.888 +0000,0.16346744859227358
17019,3774,2769,2025-03-03 15:27:56.676 +0000,0.08259144081638164
17085,735,3747,2025-03-04 13:02:38.791 +0000,0.2
17177,3079,2588,2025-03-05 15:28:06.288 +0000,0.19862795491236251
17029,3417,3127,2025-03-03 21:45:51.866 +0000,0.19999999999999996
17096,3832,2175,2025-03-04 14:22:53.049 +0000,0.0002417768881378
17096,3832,2175,2025-03-04 14:22:53.049 +0000,0.0002901322599627
17117,3655,3743,2025-03-05 01:39:16.360 +0000,0.0015499587287707913
17139,1451,2375,2025-03-05 12:05:04.961 +0000,0.19022268345823667
17139,1451,2375,2025-03-05 12:05:04.961 +0000,0.19022268345823667
17147,1108,2456,2025-03-05 13:01:08.613 +0000,0.2
17147,1108,2456,2025-03-05 13:01:08.613 +0000,0.2
17171,3079,3494,2025-03-05 15:27:48.266 +0000,0.2
17171,3079,3494,2025-03-05 15:27:48.266 +0000,0.2
17174,3079,1028,2025-03-05 15:28:01.471 +0000,0.19999999999999996
17174,3079,1028,2025-03-05 15:28:01.471 +0000,0.19999999999999996
16696,876,2892,2025-02-28 09:58:34.864 +0000,0.14680999422820676
16708,2223,3311,2025-02-28 13:14:37.384 +0000,0.16368011025642207
16711,2793,2237,2025-02-28 13:26:13.491 +0000,0.2
16814,3036,1027,2025-03-01 13:30:51.928 +0000,0.19999999999999998
16814,3036,1027,2025-03-01 13:30:51.928 +0000,0.19999999999999998
16897,3727,3317,2025-03-02 05:45:09.139 +0000,0.16666666999999996
16983,3751,2714,2025-03-02 23:05:14.979 +0000,0.16666667
16983,3751,2714,2025-03-02 23:05:14.979 +0000,0.2
17014,1526,302,2025-03-03 15:13:52.969 +0000,0.18315617687389157
17046,3006,3656,2025-03-03 23:30:41.231 +0000,0.03955022450421822
17046,3006,3656,2025-03-03 23:30:41.231 +0000,0.03955022450421822
17091,3832,3747,2025-03-04 14:22:09.896 +0000,0.06556063460783057
17091,3832,3747,2025-03-04 14:22:09.896 +0000,0.06556063460783057
17108,3708,3833,2025-03-04 17:07:40.062 +0000,0.15776809052683594
16680,2001,1283,2025-02-27 22:42:39.842 +0000,0.199596337262759
16680,2001,1283,2025-02-27 22:42:39.842 +0000,0.199596337262759
16681,3665,3007,2025-02-27 22:49:43.247 +0000,0.06410658744443419
16717,3201,2294,2025-02-28 17:47:23.836 +0000,0.19999999999999984
16802,3692,735,2025-03-01 13:09:31.859 +0000,0.014273500381157909
16828,2491,3460,2025-03-01 14:01:10.809 +0000,0.1432881358519564
16828,2491,3460,2025-03-01 14:01:10.809 +0000,0.1432881358519564
17130,3204,1526,2025-03-05 11:16:14.163 +0000,0.20000000000000007
17130,3204,1526,2025-03-05 11:16:14.163 +0000,0.20000000000000007
17152,1108,1079,2025-03-05 13:01:23.417 +0000,0.15900458849529553
17152,1108,1079,2025-03-05 13:01:23.417 +0000,0.15900458849529553
16661,3067,2623,2025-02-27 18:23:18.749 +0000,0.1999999999999999
16661,3067,2623,2025-02-27 18:23:18.749 +0000,0.1999999999999999
16668,3127,194,2025-02-27 21:33:05.574 +0000,0.14068195287458765
16668,3127,194,2025-02-27 21:33:05.574 +0000,0.14068195287458765
16730,3692,362,2025-02-28 18:59:16.928 +0000,0.1996042463617443
16780,3704,3621,2025-03-01 06:02:23.736 +0000,0.1605074106048613
16780,3704,3621,2025-03-01 06:02:23.736 +0000,0.1605074106048613
16800,3692,2941,2025-03-01 13:09:10.439 +0000,0.18956385341746154
16832,3708,3462,2025-03-01 14:02:05.563 +0000,0.16627719320274506
16851,3079,1790,2025-03-01 15:00:42.280 +0000,0.09638797931213405
16851,3079,1790,2025-03-01 15:00:42.280 +0000,0.09638797931213405
17008,1122,970,2025-03-03 13:01:49.940 +0000,0.08081341332237663
17008,1122,970,2025-03-03 13:01:49.940 +0000,0.08081341332237663
17008,1122,970,2025-03-03 13:01:49.940 +0000,0.0808134133223767
17008,1122,970,2025-03-03 13:01:49.940 +0000,0.0808134133223767
17010,3708,3749,2025-03-03 15:02:46.168 +0000,0.13657710089176328
17137,1603,512,2025-03-05 12:02:07.416 +0000,0.1866856271892401
17137,1603,512,2025-03-05 12:02:07.416 +0000,0.1866856271892401
17157,3838,3055,2025-03-05 13:04:20.784 +0000,0.1629474693563008
17157,3838,3055,2025-03-05 13:04:20.784 +0000,0.1629474693563008
17180,3204,1108,2025-03-05 15:32:45.664 +0000,0.20000000000000007
16694,1526,1475,2025-02-28 06:44:34.740 +0000,0.19999999999999996
16694,1526,1475,2025-02-28 06:44:34.740 +0000,0.19999999999999996
16738,3692,1451,2025-02-28 19:11:08.187 +0000,0.12469927286942413
16738,3692,1451,2025-02-28 19:11:08.187 +0000,0.12469927286942413
16788,2063,1027,2025-03-01 13:00:42.543 +0000,0.06913289677941423
16796,3692,3272,2025-03-01 13:07:49.613 +0000,0.05985025983480459
16796,3692,3272,2025-03-01 13:07:49.613 +0000,0.05985025983480459
16878,3693,1325,2025-03-01 22:08:44.448 +0000,0.032996157687269774
17017,3774,1272,2025-03-03 15:25:15.882 +0000,0.20000000000000015
17048,3006,970,2025-03-03 23:30:44.510 +0000,0.061389179243639694
17048,3006,970,2025-03-03 23:30:44.510 +0000,0.061389179243639694
17048,3006,970,2025-03-03 23:30:44.510 +0000,0.06138917924363967
17048,3006,970,2025-03-03 23:30:44.510 +0000,0.06138917924363967
17098,3833,468,2025-03-04 14:26:32.850 +0000,0.1952112600480076
17159,1526,3204,2025-03-05 13:42:23.484 +0000,0.20000000000000007
17159,1526,3204,2025-03-05 13:42:23.484 +0000,0.20000000000000007
17179,3494,3735,2025-03-05 15:29:29.077 +0000,0.15889796591585711
16846,3079,2931,2025-03-01 15:00:17.973 +0000,0.2
16850,3079,3047,2025-03-01 15:00:40.070 +0000,0.16752931337392257
16850,3079,3047,2025-03-01 15:00:40.070 +0000,0.16752931337392257
16811,3692,1325,2025-03-01 13:10:33.121 +0000,0.0912800726825878
16811,3692,1325,2025-03-01 13:10:33.121 +0000,0.0912800726825878
17004,3764,3594,2025-03-03 10:39:13.320 +0000,0.038410347433047706
17004,3764,3594,2025-03-03 10:39:13.320 +0000,0.03841034743304772
17028,2209,2466,2025-03-03 21:42:32.237 +0000,0.2
17030,3777,3117,2025-03-03 21:47:49.144 +0000,0.038463697300303155
17030,3777,3117,2025-03-03 21:47:49.144 +0000,0.038463697300303155
17030,3777,3117,2025-03-03 21:47:49.144 +0000,0.046156435837235076
17030,3777,3117,2025-03-03 21:47:49.144 +0000,0.046156435837235076
17063,3821,2371,2025-03-04 09:40:04.511 +0000,0.1275201136312458
17173,3079,1272,2025-03-05 15:27:54.060 +0000,0.19988894595951667
17173,3079,1272,2025-03-05 15:27:54.060 +0000,0.19988894595951667
16737,3692,867,2025-02-28 19:10:39.220 +0000,0.1853889519715892
16737,3692,867,2025-02-28 19:10:39.220 +0000,0.1853889519715892
16829,3708,2892,2025-03-01 14:01:43.931 +0000,0.19578090198790735
16889,2984,3460,2025-03-02 04:53:40.671 +0000,0.11101271716305464
16953,1330,48,2025-03-02 20:49:56.578 +0000,0.2
16984,3743,3734,2025-03-02 23:17:48.470 +0000,0.16666667
16894,2984,2521,2025-03-02 04:53:59.227 +0000,0.18801100458092013
16967,3749,927,2025-03-02 21:37:22.162 +0000,0.19999999999999996
16793,3692,2457,2025-03-01 13:07:40.613 +0000,0.058657189668979565
16793,3692,2457,2025-03-01 13:07:40.613 +0000,0.058657189668979565
16951,3747,3621,2025-03-02 20:46:59.030 +0000,0.0968710992649795
16951,3747,3621,2025-03-02 20:46:59.030 +0000,0.0968710992649795
17136,1603,1923,2025-03-05 12:01:44.895 +0000,0.1993785661063353
17136,1603,1923,2025-03-05 12:01:44.895 +0000,0.1993785661063353
17151,1108,2941,2025-03-05 13:01:20.623 +0000,0.20000000000000007
17151,1108,2941,2025-03-05 13:01:20.623 +0000,0.20000000000000007
17153,1108,3204,2025-03-05 13:01:27.197 +0000,0.20000000000000007
17155,1108,970,2025-03-05 13:01:35.516 +0000,0.1538957054441851
17155,1108,970,2025-03-05 13:01:35.516 +0000,0.1538957054441851
17155,1108,970,2025-03-05 13:01:35.516 +0000,0.15389570544418515
17155,1108,970,2025-03-05 13:01:35.516 +0000,0.15389570544418515
17185,2020,2890,2025-03-05 15:34:48.646 +0000,0.1534712627591477
17185,2020,2890,2025-03-05 15:34:48.646 +0000,0.15347126275914771
16963,3747,213,2025-03-02 21:31:13.790 +0000,0.04294745131255807
17090,3832,3621,2025-03-04 14:21:26.426 +0000,0.013737752698363562
17090,3832,3621,2025-03-04 14:21:26.426 +0000,0.013737752698363562
17081,3074,2693,2025-03-04 13:00:51.770 +0000,0.0001982988530284
17081,3074,2693,2025-03-04 13:00:51.770 +0000,0.0001982988530284
17113,3835,3047,2025-03-04 21:04:44.125 +0000,0.19893054551340633
17113,3835,3047,2025-03-04 21:04:44.125 +0000,0.19893054551340633
17113,3835,3047,2025-03-04 21:04:44.125 +0000,0.1657754579100143
17113,3835,3047,2025-03-04 21:04:44.125 +0000,0.1657754579100143
17182,2020,3777,2025-03-05 15:33:07.150 +0000,0.17245167371691694
17182,2020,3777,2025-03-05 15:33:07.150 +0000,0.17245167371691694
17111,3835,1491,2025-03-04 21:03:46.207 +0000,0.19813916347868527
17111,3835,1491,2025-03-04 21:03:46.207 +0000,0.1651159728678904
17178,2020,3833,2025-03-05 15:28:13.181 +0000,0.17905780054184603
17178,2020,3833,2025-03-05 15:28:13.181 +0000,0.17905780054184603
17062,3821,213,2025-03-04 09:39:51.321 +0000,0.16331271376524747
17142,3762,2456,2025-03-05 12:49:41.982 +0000,0.2
17142,3762,2456,2025-03-05 12:49:41.982 +0000,0.16666667
